control_no,name,address,motorized_operation,business_name,expiry_date,amount_paid,or_no,issue_date,issued_at,mayor,quarter,status
TRI-1000,Karen Rose,"2507 Michael Circle Suite 824, Alextown, ME 22905",Tricycle,Andrews Ltd Tricycle Service,2026-06-08,788,OR-381452,2025-06-08,Port Bradley,Mayor Ana,First Quarter,expired
TRI-1001,Shawn Jackson,"7069 Raymond Shoals Apt. 071, Samuelview, WI 20451",Tricycle,"Zavala, York and Farmer Tricycle Service",2026-09-29,1025,OR-409981,2025-09-29,South Cameron,Mayor Juan,First Quarter,active
TRI-1002,Sara Moreno,"734 Valdez Viaduct, Mannmouth, NH 63413",Tricycle,Green-Price Tricycle Service,2025-04-25,656,OR-280333,2024-04-25,Roseburgh,Mayor Ana,Third Quarter,inactive
TRI-1003,Amy Campbell,"2323 Owens Overpass Apt. 702, Brownburgh, ID 47305",Tricycle,"Williams, White and Butler Tricycle Service",2026-01-10,1392,OR-725900,2025-01-10,Joshuashire,Mayor Juan,Second Quarter,expired
TRI-1004,Lisa Perez,"32005 Amber Common Suite 393, Andreastad, GA 48450",Tricycle,"Watson, Collins and Smith Tricycle Service",2026-08-13,864,OR-550488,2025-08-13,Lake Joseph,Mayor Cruz,Fourth Quarter,inactive
TRI-1005,Lisa Gomez,"299 Nicholas Knoll, New Gregory, AL 67252",Tricycle,"Martinez, Mcneil and Weber Tricycle Service",2025-08-23,2236,OR-562440,2024-08-23,Hillhaven,Mayor Cruz,Third Quarter,active
TRI-1006,Mr. Kevin Sandoval,"05647 Luis Meadows Apt. 432, West Glennland, MT 03261",Tricycle,Bender PLC Tricycle Service,2025-08-18,1700,OR-230437,2024-08-18,West Danielle,Mayor Juan,Third Quarter,inactive
TRI-1007,Danielle Lopez,"174 Ramos Harbor Suite 111, North Roberttown, AL 22849",Tricycle,Ward-Mays Tricycle Service,2027-01-02,1939,OR-694511,2026-01-02,Port Andreahaven,Mayor Cruz,Fourth Quarter,active
TRI-1008,Stanley Martinez,"3050 Dustin Brooks Suite 818, Oliverport, VI 95775",Tricycle,"Carpenter, Olson and Cline Tricycle Service",2025-06-18,2077,OR-875738,2024-06-18,Lake Denisefort,Mayor Ana,Fourth Quarter,inactive
TRI-1009,Joseph Gray,"6775 Sullivan Lakes Suite 568, Port John, SC 23803",Tricycle,Benson Group Tricycle Service,2026-06-05,2404,OR-761584,2025-06-05,Lake Jimmy,Mayor Juan,Third Quarter,inactive
TRI-1010,Michelle Newton,"3202 Campbell Fields, North Kevin, IA 07457",Tricycle,Nguyen-Bailey Tricycle Service,2025-09-18,1704,OR-332410,2024-09-18,Smithmouth,Mayor Cruz,Third Quarter,expired
TRI-1011,Daniel Adams,"434 Derek Ferry, Pamelaland, NH 23506",Tricycle,Davis-Barber Tricycle Service,2026-08-08,2701,OR-669616,2025-08-08,Turnerfurt,Mayor Juan,Third Quarter,expired
TRI-1012,Danielle Torres,"258 Susan Extensions Suite 169, North John, GU 91590",Tricycle,Rasmussen-Walsh Tricycle Service,2025-10-18,1056,OR-588985,2024-10-18,Wellstown,Mayor Juan,Fourth Quarter,active
TRI-1013,Ryan Johnson,"410 Alexander Viaduct Apt. 431, Lake Paul, MH 25392",Tricycle,Garza-Rodgers Tricycle Service,2026-02-05,2511,OR-107919,2025-02-05,Port Raymond,Mayor Cruz,Third Quarter,active
TRI-1014,Stephanie Green,"USS Krueger, FPO AP 20301",Tricycle,Alvarez PLC Tricycle Service,2025-12-25,976,OR-893473,2024-12-25,New Tonyaborough,Mayor Cruz,First Quarter,active
TRI-1015,Eric Novak,"Unit 3091 Box 3885, DPO AA 03573",Tricycle,"Booth, Little and Gonzalez Tricycle Service",2026-11-24,2122,OR-920976,2025-11-24,South Patrickview,Mayor Ana,Second Quarter,active
TRI-1016,Amy Lopez,"795 Joel Vista Apt. 302, Ashleymouth, FL 07886",Tricycle,"Moore, Mcdonald and Christensen Tricycle Service",2025-04-15,2028,OR-309393,2024-04-15,North Roseside,Mayor Ana,Third Quarter,inactive
TRI-1017,Lee Kelly,"435 Rebecca Fall, East Charles, KS 19948",Tricycle,Jones Group Tricycle Service,2026-12-19,1720,OR-988092,2025-12-19,Jimenezshire,Mayor Juan,Second Quarter,active
TRI-1018,Ronald Wiggins,"55441 Brandon Shoals, Irwinchester, NE 88062",Tricycle,"Lewis, Murray and Oliver Tricycle Service",2026-07-01,1150,OR-73520,2025-07-01,South William,Mayor Ana,First Quarter,inactive
TRI-1019,Teresa Giles,"52654 Rachel Street Apt. 469, Port James, MI 98462",Tricycle,"Freeman, Brown and Nelson Tricycle Service",2025-03-19,2253,OR-573429,2024-03-19,Louismouth,Mayor Juan,Third Quarter,active
TRI-1020,Jessica Rivera,"564 Brian Summit, Munozton, AK 03145",Tricycle,Garrison PLC Tricycle Service,2026-12-22,1774,OR-769391,2025-12-22,East Deannahaven,Mayor Cruz,Second Quarter,inactive
TRI-1021,Chloe Rush,"817 Kramer Common Suite 830, West Brianna, NH 31988",Tricycle,May-Ramos Tricycle Service,2026-04-12,625,OR-654174,2025-04-12,Juliestad,Mayor Juan,Second Quarter,active
TRI-1022,Cindy Martinez,"9846 Bean Estate, Josefurt, SD 38032",Tricycle,Thomas-Robertson Tricycle Service,2025-02-24,722,OR-582828,2024-02-25,Burtonside,Mayor Cruz,Third Quarter,expired
TRI-1023,James Morgan,"53584 John Camp Suite 663, New Suzannefurt, UT 13260",Tricycle,"Clark, Robinson and Anderson Tricycle Service",2025-12-05,1185,OR-651059,2024-12-05,Frankburgh,Mayor Ana,Fourth Quarter,active
TRI-1024,Tracie Summers,"05022 Jones Tunnel, East Brenda, MN 48090",Tricycle,"Reese, Mendoza and Baxter Tricycle Service",2026-11-27,1517,OR-332660,2025-11-27,Leonardport,Mayor Cruz,Fourth Quarter,active
TRI-1025,Ryan Maxwell,"662 James Greens Suite 237, Juliehaven, FM 49384",Tricycle,Case Ltd Tricycle Service,2026-08-20,2793,OR-213605,2025-08-20,Waremouth,Mayor Juan,Third Quarter,active
TRI-1026,Dana Lutz,"7320 Bond Circle, New John, WY 34605",Tricycle,"Henry, Rivas and Jones Tricycle Service",2026-03-17,522,OR-819448,2025-03-17,South Garyhaven,Mayor Juan,Second Quarter,inactive
TRI-1027,Ann Wood,"056 Leon Island, Hintonborough, LA 08049",Tricycle,"Fisher, Johnson and Blake Tricycle Service",2026-08-17,1769,OR-316215,2025-08-17,West Julie,Mayor Ana,Third Quarter,active
TRI-1028,Jennifer Brown MD,"979 Carpenter Prairie Apt. 217, Theresaton, NM 41415",Tricycle,Mahoney-Jones Tricycle Service,2025-03-06,2115,OR-580495,2024-03-06,Lake Ryan,Mayor Juan,Second Quarter,expired
TRI-1029,Laura Lee,"960 Brian Flat Suite 177, Lake Michaelborough, CA 82192",Tricycle,Collins Ltd Tricycle Service,2025-03-01,1284,OR-506927,2024-03-01,Stephenberg,Mayor Juan,Fourth Quarter,active
TRI-1030,Heather Smith,"66628 Kenneth Ridge, Lake Carl, AZ 73749",Tricycle,"Sims, Turner and Miller Tricycle Service",2026-02-08,726,OR-411753,2025-02-08,Sandraton,Mayor Ana,Third Quarter,inactive
TRI-1031,Brandy Mills,"USNV Young, FPO AP 95147",Tricycle,Wilson LLC Tricycle Service,2025-09-02,1268,OR-126846,2024-09-02,North Christopherfurt,Mayor Cruz,First Quarter,inactive
TRI-1032,Sherry Shannon,"723 Ann Rest, South Shaunside, LA 38136",Tricycle,Gallagher-Johnson Tricycle Service,2026-07-03,2927,OR-871695,2025-07-03,Lake Aliciachester,Mayor Juan,Fourth Quarter,expired
TRI-1033,Emily Mendoza,"550 Victoria Place Apt. 256, New Tiffany, MO 04241",Tricycle,Allen Inc Tricycle Service,2026-11-26,579,OR-815785,2025-11-26,Jonathanchester,Mayor Juan,Second Quarter,inactive
TRI-1034,Tina Johnson,"1155 Jennings Ford, Josephbury, FM 83182",Tricycle,Tyler-Peterson Tricycle Service,2025-09-29,2550,OR-224976,2024-09-29,East Lisa,Mayor Ana,First Quarter,active
TRI-1035,Steven King,"USS Salinas, FPO AP 02567",Tricycle,Blackburn-Wallace Tricycle Service,2026-11-19,1401,OR-902275,2025-11-19,Michaelchester,Mayor Ana,Third Quarter,inactive
TRI-1036,Bradley Robinson,"4141 Ramirez Alley, Lake Annette, WV 95803",Tricycle,Pearson Ltd Tricycle Service,2025-05-28,1580,OR-580028,2024-05-28,Holtshire,Mayor Ana,Second Quarter,expired
TRI-1037,Chelsea Johnson,"788 Bradley Parkway Suite 514, East Kyle, WY 25059",Tricycle,"Lopez, Olson and Williams Tricycle Service",2026-09-02,2750,OR-662098,2025-09-02,New Teresaburgh,Mayor Juan,Fourth Quarter,active
TRI-1038,Grace Davis,"2765 Valerie Orchard Apt. 557, Lake Heather, NC 25521",Tricycle,Lambert-Lopez Tricycle Service,2026-04-10,2021,OR-268765,2025-04-10,North Shane,Mayor Cruz,Second Quarter,inactive
TRI-1039,Louis Campbell,"1266 Billy Stream Apt. 515, New Elizabethside, AS 09154",Tricycle,"Rogers, Spence and Avila Tricycle Service",2026-04-15,1237,OR-616938,2025-04-15,Martinezshire,Mayor Juan,Second Quarter,active
TRI-1040,Billy Oconnell,"73521 Willis Pike, Torresside, AZ 91512",Tricycle,"Wood, Allen and Brewer Tricycle Service",2026-02-02,2472,OR-791200,2025-02-02,Roachmouth,Mayor Cruz,First Quarter,inactive
TRI-1041,Matthew Turner,"6641 Cummings Pass Apt. 496, East Kevintown, VI 81783",Tricycle,Rodriguez-Rodriguez Tricycle Service,2025-11-04,2332,OR-858106,2024-11-04,South Amandaside,Mayor Cruz,Second Quarter,inactive
TRI-1042,Laurie Edwards,"8638 Morris Station Apt. 268, East Donna, AL 63529",Tricycle,Pineda-Clay Tricycle Service,2026-02-13,2118,OR-636096,2025-02-13,Markside,Mayor Cruz,Second Quarter,active
TRI-1043,Deborah Washington,"1984 Russell Rapids Apt. 678, New Kelseyport, LA 39925",Tricycle,"Brown, Hanson and Hoffman Tricycle Service",2026-03-11,2735,OR-430086,2025-03-11,West Samanthaville,Mayor Cruz,Third Quarter,inactive
TRI-1044,Renee Armstrong,"5890 Victoria Field, Bergerberg, TX 20746",Tricycle,Ball and Sons Tricycle Service,2026-12-31,935,OR-716857,2025-12-31,Kevinmouth,Mayor Juan,First Quarter,active
TRI-1045,Jill Campbell,"688 Randall Junction, Archershire, VI 33065",Tricycle,Taylor Group Tricycle Service,2025-03-03,1126,OR-321459,2024-03-03,Wrighttown,Mayor Ana,Fourth Quarter,inactive
TRI-1046,Stephen Morton,"016 Tracy Springs, Kathleenstad, IN 14292",Tricycle,Lee-Barber Tricycle Service,2026-02-07,2729,OR-389444,2025-02-07,Lake Johnbury,Mayor Cruz,Second Quarter,active
TRI-1047,Karla Booker,"81220 Elijah Greens, Sanchezberg, PW 64819",Tricycle,Grant-Williams Tricycle Service,2026-05-11,2610,OR-660816,2025-05-11,Lake Jose,Mayor Juan,First Quarter,expired
TRI-1048,Jill Silva,"64481 Mark Summit, North Catherinefurt, MH 66968",Tricycle,Brown-Barrera Tricycle Service,2026-10-20,2995,OR-632288,2025-10-20,West Laurahaven,Mayor Juan,Fourth Quarter,expired
TRI-1049,Jillian Perez,"372 Bridget Rue, Joshuatown, ID 87237",Tricycle,"Massey, Booth and Snyder Tricycle Service",2026-04-10,1071,OR-668518,2025-04-10,Frankburgh,Mayor Cruz,First Quarter,active
TRI-1050,Joshua Mitchell,"174 James Parkway, Nathanville, OH 37588",Tricycle,Davis PLC Tricycle Service,2025-03-15,2147,OR-377858,2024-03-15,Jenniferland,Mayor Ana,Fourth Quarter,inactive
TRI-1051,Angel Stevens,"USNV Taylor, FPO AP 02372",Tricycle,Lee Group Tricycle Service,2025-06-01,2285,OR-754027,2024-06-01,East Paulland,Mayor Cruz,Second Quarter,expired
TRI-1052,Natasha Castro,"3952 Hurley Expressway Suite 020, South Christinaton, IL 99766",Tricycle,Rodgers Ltd Tricycle Service,2025-12-16,2767,OR-271552,2024-12-16,Port Johnside,Mayor Juan,Third Quarter,inactive
TRI-1053,Nicole Barker,"953 Ashley Unions Apt. 813, North Jennifer, VA 30000",Tricycle,"Chambers, Brown and Williams Tricycle Service",2027-02-03,2132,OR-837907,2026-02-03,Stevenmouth,Mayor Ana,Second Quarter,inactive
TRI-1054,Xavier Kennedy,"940 Melissa Mall, South Christinaville, AR 58333",Tricycle,"Jones, Flynn and Reyes Tricycle Service",2026-08-23,1533,OR-122660,2025-08-23,West Aaronport,Mayor Juan,Second Quarter,active
TRI-1055,Cheryl Robinson DVM,"91106 Brandy Highway, Anthonyberg, OH 60514",Tricycle,Lawson-Lucas Tricycle Service,2025-03-22,1887,OR-750524,2024-03-22,Lake Danielbury,Mayor Ana,Second Quarter,active
TRI-1056,Stephanie Garcia,"USNS Gordon, FPO AA 77687",Tricycle,Aguilar-Townsend Tricycle Service,2025-10-02,1893,OR-368871,2024-10-02,Lake Derekborough,Mayor Cruz,Third Quarter,inactive
TRI-1057,Jay Young,"5052 Sanders Ford Apt. 254, East Christopher, MT 62480",Tricycle,Savage and Sons Tricycle Service,2026-03-10,824,OR-602893,2025-03-10,East Jordanport,Mayor Cruz,Third Quarter,inactive
TRI-1058,Steven Davis,"642 Jamie Knolls Apt. 572, Lake Jamesstad, OR 09796",Tricycle,Evans PLC Tricycle Service,2026-09-21,2295,OR-152434,2025-09-21,Jillfort,Mayor Cruz,Third Quarter,inactive
TRI-1059,Michael Roberts,"2459 Ruth Mission, New Terryberg, IA 47605",Tricycle,Bender-Cox Tricycle Service,2025-04-01,571,OR-403521,2024-04-01,Kaitlynview,Mayor Ana,Third Quarter,active
TRI-1060,William Gray,"704 Boyd Throughway Apt. 656, Lake Daniel, WY 70623",Tricycle,Foley Ltd Tricycle Service,2025-03-12,1741,OR-669506,2024-03-12,South Peter,Mayor Juan,First Quarter,inactive
TRI-1061,Daniel Vargas,"116 Oscar Roads, Port Anthony, MN 18020",Tricycle,Craig-King Tricycle Service,2026-03-09,1666,OR-963312,2025-03-09,Gordontown,Mayor Ana,Fourth Quarter,inactive
TRI-1062,Michael Rosales,"USCGC Vang, FPO AP 15220",Tricycle,Hood-Johnston Tricycle Service,2026-08-02,1058,OR-189027,2025-08-02,Williamchester,Mayor Ana,Fourth Quarter,active
TRI-1063,Jacqueline Maldonado,"291 Humphrey Creek Apt. 342, Justinton, GU 13860",Tricycle,Hart-Mathews Tricycle Service,2025-12-28,2201,OR-711511,2024-12-28,South Charles,Mayor Juan,Fourth Quarter,expired
TRI-1064,Patricia Orr,"3571 Michael Track Apt. 644, South Barbaraport, MT 27313",Tricycle,"Haley, Tate and Liu Tricycle Service",2026-12-22,1270,OR-321630,2025-12-22,West Andrewport,Mayor Juan,Third Quarter,inactive
TRI-1065,Craig Smith,"PSC 9700, Box 1952, APO AP 01870",Tricycle,"Moody, Montoya and Duffy Tricycle Service",2026-03-02,1235,OR-242141,2025-03-02,Lake Barbaramouth,Mayor Ana,Second Quarter,active
TRI-1066,Linda Brock,"37741 Heather Club Apt. 029, Garciamouth, DE 48183",Tricycle,Diaz and Sons Tricycle Service,2026-07-06,2788,OR-257140,2025-07-06,Cervantesmouth,Mayor Juan,Second Quarter,expired
TRI-1067,Brandon Aguilar,"23945 Scott Station Apt. 556, East Felicia, OH 96811",Tricycle,"Wagner, Mills and Marshall Tricycle Service",2026-07-12,2277,OR-748157,2025-07-12,Sarahview,Mayor Juan,Third Quarter,inactive
TRI-1068,Amanda Morrow,"31868 Paula Island Suite 134, Christyview, NY 64310",Tricycle,Jones-Ball Tricycle Service,2025-12-06,2614,OR-19623,2024-12-06,Jeffersonfurt,Mayor Cruz,First Quarter,expired
TRI-1069,Jennifer Little,"97465 Singh Viaduct Apt. 940, South Jacobland, NC 67706",Tricycle,"Knapp, Gutierrez and Allen Tricycle Service",2025-04-21,2412,OR-744041,2024-04-21,Hardingberg,Mayor Cruz,Third Quarter,expired
TRI-1070,Lisa Wu,"5899 Morgan Run Suite 376, Maryton, FM 56259",Tricycle,"Turner, Stewart and Lee Tricycle Service",2026-10-26,2869,OR-679666,2025-10-26,South Lisaland,Mayor Ana,First Quarter,inactive
TRI-1071,Douglas Ferguson,"2012 Allen Harbors Apt. 785, Jacquelinemouth, ME 76274",Tricycle,Wells and Sons Tricycle Service,2025-02-06,685,OR-144250,2024-02-07,Port Ann,Mayor Ana,First Quarter,inactive
TRI-1072,Patricia Barker,"Unit 1181 Box 4066, DPO AA 61689",Tricycle,Petersen-Walton Tricycle Service,2025-07-30,1302,OR-525621,2024-07-30,West Kennethport,Mayor Cruz,Fourth Quarter,expired
TRI-1073,Michael Arellano,"582 Rachel Burgs Apt. 733, New Andre, TN 29781",Tricycle,Williams-Thornton Tricycle Service,2026-02-23,2335,OR-450048,2025-02-23,West Ericside,Mayor Ana,Third Quarter,active
TRI-1074,Eric Oliver,"8209 Gonzalez Skyway Suite 129, Port Shawn, WA 09963",Tricycle,Stewart-Hogan Tricycle Service,2025-04-26,1962,OR-898853,2024-04-26,Marilynland,Mayor Juan,First Quarter,inactive
TRI-1075,Joshua Carr,"5308 Anna Shoal Apt. 871, Danielleborough, VT 54834",Tricycle,Love-Dougherty Tricycle Service,2025-04-15,1860,OR-995840,2024-04-15,Reynoldsville,Mayor Ana,Third Quarter,inactive
TRI-1076,Brady Cunningham,"827 Kathryn Oval Apt. 383, Port Douglasfurt, MO 85938",Tricycle,Lopez-Smith Tricycle Service,2026-03-04,2591,OR-766078,2025-03-04,East Monicaton,Mayor Cruz,Fourth Quarter,inactive
TRI-1077,Kevin Johnson,"636 Allison Stream, West Tammyton, NY 30586",Tricycle,Fry Inc Tricycle Service,2025-05-03,1639,OR-136750,2024-05-03,Lake Amandaborough,Mayor Cruz,Third Quarter,active
TRI-1078,Desiree Gonzalez,"89978 Julie Park, Michaeltown, KS 43531",Tricycle,Smith Ltd Tricycle Service,2025-06-15,545,OR-214639,2024-06-15,Jessicamouth,Mayor Ana,First Quarter,expired
TRI-1079,Joshua Soto,"USNS Turner, FPO AE 30372",Tricycle,"Riley, Guerrero and Moses Tricycle Service",2026-02-14,1449,OR-575685,2025-02-14,Olsenfurt,Mayor Ana,First Quarter,inactive
TRI-1080,Erica Lee,"7031 Schroeder Terrace Apt. 659, West Melissastad, MH 36637",Tricycle,"Hill, Johnson and Gill Tricycle Service",2025-09-09,641,OR-678673,2024-09-09,Martinezton,Mayor Ana,First Quarter,inactive
TRI-1081,Felicia Hines,"37260 King Turnpike, East Alison, FM 46510",Tricycle,Coleman-Martin Tricycle Service,2026-09-19,2202,OR-340349,2025-09-19,North Johnburgh,Mayor Juan,Second Quarter,expired
TRI-1082,Jonathan Avila,"43459 Frost Shores Suite 602, Michaelmouth, MO 18441",Tricycle,"Morales, Leonard and Nunez Tricycle Service",2026-06-22,2563,OR-484797,2025-06-22,East Stephen,Mayor Ana,Third Quarter,inactive
TRI-1083,Anthony Johnston,"449 Wells Alley Apt. 839, Johnsonville, NV 43036",Tricycle,"Bright, Ramirez and Hart Tricycle Service",2026-02-05,601,OR-139666,2025-02-05,Gavinberg,Mayor Ana,Third Quarter,expired
TRI-1084,Gregory Joseph,"51223 Morgan Park Suite 319, Myersview, NH 67639",Tricycle,Hopkins-Adams Tricycle Service,2026-04-20,1802,OR-19646,2025-04-20,North Joseph,Mayor Juan,Third Quarter,active
TRI-1085,Amber Gonzales,"12331 Michael Trail Suite 721, East Jasonborough, ID 99942",Tricycle,"White, Griffin and Davis Tricycle Service",2026-07-03,2883,OR-875993,2025-07-03,Joshuaberg,Mayor Juan,Fourth Quarter,inactive
TRI-1086,Adam Ramos,"USS Salas, FPO AE 61348",Tricycle,"Gray, Mcfarland and Smith Tricycle Service",2026-08-15,2582,OR-241780,2025-08-15,Port Susan,Mayor Cruz,First Quarter,expired
TRI-1087,Thomas Rivers,"95085 Palmer Camp, West Jackie, PW 31924",Tricycle,Bailey-Hines Tricycle Service,2026-09-22,2260,OR-558994,2025-09-22,Riceborough,Mayor Ana,Third Quarter,inactive
TRI-1088,Victoria Galvan,"21123 Brittany Stream Suite 261, Bridgetstad, KY 49618",Tricycle,Bowman-Cruz Tricycle Service,2025-09-22,1263,OR-933323,2024-09-22,North Traciside,Mayor Ana,Fourth Quarter,active
TRI-1089,Ashley Bailey MD,"USS Hunt, FPO AE 02327",Tricycle,Pierce-Griffin Tricycle Service,2027-01-04,1101,OR-896527,2026-01-04,West Lisa,Mayor Ana,Fourth Quarter,active
TRI-1090,Judy Kaufman,"4317 Miller Rapids, Chelseatown, DC 92051",Tricycle,Green Ltd Tricycle Service,2026-12-12,1151,OR-63664,2025-12-12,Meganmouth,Mayor Cruz,First Quarter,inactive
TRI-1091,David Pace,"735 Gonzalez Alley Suite 418, Waterston, WV 21703",Tricycle,Gibson-Simpson Tricycle Service,2025-10-27,688,OR-958824,2024-10-27,Erinview,Mayor Ana,First Quarter,expired
TRI-1092,Robert Herring,"163 Long Meadow Apt. 024, New Danielle, TN 85106",Tricycle,Webster-Krueger Tricycle Service,2025-09-09,1900,OR-667058,2024-09-09,Port Caitlin,Mayor Cruz,Second Quarter,expired
TRI-1093,Brandon Carroll DVM,"7995 Terry Freeway Suite 942, Fullerbury, DC 83443",Tricycle,Green-Martinez Tricycle Service,2026-06-17,1286,OR-80182,2025-06-17,New Maryside,Mayor Juan,Fourth Quarter,inactive
TRI-1094,Amanda Long,"31822 Lauren Shoal Apt. 560, North Karenchester, PA 30838",Tricycle,Jackson-Gilmore Tricycle Service,2026-06-24,2554,OR-208101,2025-06-24,South Jacqueline,Mayor Ana,Fourth Quarter,expired
TRI-1095,James Jones,"59719 Jennifer Cove Suite 623, West Rayside, ID 15056",Tricycle,"Myers, Banks and Hernandez Tricycle Service",2025-09-27,844,OR-694107,2024-09-27,East James,Mayor Ana,First Quarter,inactive
TRI-1096,Michelle Rice,"9498 Flores Row Suite 418, Davidton, FM 93327",Tricycle,Frank Group Tricycle Service,2026-02-23,1197,OR-668490,2025-02-23,South Eric,Mayor Cruz,Third Quarter,expired
TRI-1097,Mark Sandoval,"831 Elizabeth Ford, Stephenstad, IN 78681",Tricycle,"Gonzalez, Smith and Villegas Tricycle Service",2025-03-21,1055,OR-497374,2024-03-21,Jeanberg,Mayor Cruz,Fourth Quarter,expired
TRI-1098,Andrew Figueroa,"6029 Chapman Crescent, North Michaelborough, CT 86071",Tricycle,Reed Ltd Tricycle Service,2025-04-07,705,OR-938890,2024-04-07,Davidfurt,Mayor Ana,Second Quarter,expired
TRI-1099,Alexander Flores,"845 Wagner Avenue Suite 365, Valerieton, IL 04319",Tricycle,"Montes, Pittman and Young Tricycle Service",2025-10-31,2064,OR-935483,2024-10-31,Port Barry,Mayor Juan,Second Quarter,active
TRI-1100,Steven Lozano,"644 Boyer Crossing Suite 915, Christinashire, AK 11010",Tricycle,"Hernandez, Harris and Turner Tricycle Service",2026-07-30,1503,OR-4410,2025-07-30,Carriestad,Mayor Juan,Third Quarter,inactive
TRI-1101,Andrew Tran,"5069 Hansen Mission Suite 115, Blakebury, OK 86952",Tricycle,"Hunt, Blackburn and Kirby Tricycle Service",2025-12-25,2395,OR-878047,2024-12-25,Mcfarlandfurt,Mayor Ana,Second Quarter,active
TRI-1102,Amanda Davis,"707 Kevin Plain Apt. 737, South Robinfort, CA 13350",Tricycle,Willis LLC Tricycle Service,2025-10-12,916,OR-653578,2024-10-12,New Christopherton,Mayor Juan,First Quarter,expired
TRI-1103,Sarah Johnson,"0245 Angela Cliffs, Brianberg, MD 53959",Tricycle,"Lloyd, Robinson and May Tricycle Service",2025-02-11,2964,OR-566308,2024-02-12,Hughesport,Mayor Cruz,Fourth Quarter,expired
TRI-1104,Carol White,"12563 Gerald Drives Apt. 704, North Haleystad, MP 50549",Tricycle,Neal-King Tricycle Service,2025-09-28,1765,OR-572661,2024-09-28,Natalieberg,Mayor Juan,First Quarter,expired
TRI-1105,Brian Wilson,"38574 Hawkins Creek Suite 406, Barneshaven, NH 23769",Tricycle,"Hernandez, Oconnell and Owens Tricycle Service",2025-05-08,1021,OR-563620,2024-05-08,Kristopherville,Mayor Juan,Second Quarter,active
TRI-1106,Andrew Hawkins,"134 Simmons Inlet Apt. 648, North Ashleytown, VT 76015",Tricycle,Mayer-Sims Tricycle Service,2026-12-19,2760,OR-893072,2025-12-19,North Michael,Mayor Cruz,First Quarter,inactive
TRI-1107,Daryl Mcdaniel,"737 Fisher Fork, Lake Gregoryview, CA 48689",Tricycle,"Peterson, Mathews and Johnston Tricycle Service",2025-05-11,2684,OR-807580,2024-05-11,East Jason,Mayor Ana,Fourth Quarter,inactive
TRI-1108,Melissa Bauer,"USS Blanchard, FPO AA 01396",Tricycle,Simpson-Carpenter Tricycle Service,2025-05-21,2020,OR-653939,2024-05-21,Hineston,Mayor Ana,First Quarter,active
TRI-1109,Joyce Moss,"510 Omar Road Suite 072, Haleland, OH 16883",Tricycle,"Hull, Baker and Williams Tricycle Service",2025-08-02,1236,OR-317151,2024-08-02,Markberg,Mayor Juan,Fourth Quarter,inactive
TRI-1110,Eric Hess,"92041 Stone Underpass Suite 784, South Deborahville, MH 60570",Tricycle,Baker Ltd Tricycle Service,2026-08-09,2047,OR-57311,2025-08-09,New Michael,Mayor Ana,First Quarter,active
TRI-1111,Nicole Hernandez,"44234 Gary Pine Apt. 268, Lake Tinashire, MD 93813",Tricycle,Benson LLC Tricycle Service,2026-11-14,2104,OR-325167,2025-11-14,Christianborough,Mayor Cruz,Fourth Quarter,inactive
TRI-1112,Hector Baldwin,"3364 Smith Avenue Suite 929, Jamieburgh, ID 61324",Tricycle,"Salazar, Obrien and Cannon Tricycle Service",2025-06-12,2821,OR-311937,2024-06-12,West Hayley,Mayor Juan,Fourth Quarter,inactive
TRI-1113,Andrew Taylor,"314 Kenneth Loop, Port Codyburgh, TN 18186",Tricycle,"Duffy, Andrade and Davis Tricycle Service",2026-09-25,1252,OR-571291,2025-09-25,Stephaniemouth,Mayor Cruz,Fourth Quarter,inactive
TRI-1114,Christina Carlson,"1960 Kimberly Turnpike, East Sarahbury, CA 83732",Tricycle,Perez and Sons Tricycle Service,2025-05-30,2578,OR-194451,2024-05-30,South Lisaside,Mayor Juan,Second Quarter,active
TRI-1115,Michael Tran,"20902 Sandra Lock, North Jacksonhaven, AL 57258",Tricycle,Miller-Elliott Tricycle Service,2025-04-12,1761,OR-472249,2024-04-12,West Sherry,Mayor Juan,Second Quarter,inactive
TRI-1116,Jose Harrington,"50420 Thomas Lake, West Kimberlyberg, MT 64641",Tricycle,"Owens, Burns and Warren Tricycle Service",2025-06-04,1286,OR-253427,2024-06-04,Knightburgh,Mayor Juan,Second Quarter,inactive
TRI-1117,Sara Wade,"816 April Mall Apt. 129, Sanchezfort, VA 96280",Tricycle,Parker Inc Tricycle Service,2026-06-20,984,OR-324666,2025-06-20,Tammybury,Mayor Ana,Fourth Quarter,active
TRI-1118,Brett Walker,"5016 Ramos Streets, Williamston, DC 26781",Tricycle,"Wong, Yang and Burns Tricycle Service",2026-06-29,519,OR-791842,2025-06-29,Port Jeremymouth,Mayor Ana,Fourth Quarter,inactive
TRI-1119,Amanda Oneill,"37319 Robinson Land, Lindseyport, ID 15225",Tricycle,"Phillips, Bailey and Branch Tricycle Service",2025-02-05,2366,OR-938966,2024-02-06,New Shaunton,Mayor Juan,Second Quarter,active
TRI-1120,Leon Campbell,"12782 Ferrell Stravenue Apt. 339, New Dianehaven, WI 06710",Tricycle,Perez LLC Tricycle Service,2025-06-21,683,OR-196602,2024-06-21,Hayesfurt,Mayor Cruz,Second Quarter,inactive
TRI-1121,Ashley Johnson,"89680 Rivas Run Apt. 707, Jodistad, MS 39101",Tricycle,"Harmon, Conrad and Bell Tricycle Service",2025-05-17,2229,OR-930347,2024-05-17,Christophermouth,Mayor Ana,Fourth Quarter,inactive
TRI-1122,Lori Turner,"17697 John Springs Suite 537, Timothyland, NJ 07327",Tricycle,"Flores, Norris and Diaz Tricycle Service",2026-02-17,1736,OR-655706,2025-02-17,Hutchinsonburgh,Mayor Ana,Second Quarter,active
TRI-1123,James Mendez,"415 Bridget Junction, Port Kathleen, VI 28713",Tricycle,Mata Ltd Tricycle Service,2025-05-01,2811,OR-761797,2024-05-01,North Williamside,Mayor Cruz,Second Quarter,inactive
TRI-1124,Wayne Camacho,"599 King Ford, North Sarahfurt, SD 86484",Tricycle,Jackson-Lam Tricycle Service,2025-08-28,1477,OR-404927,2024-08-28,Brooksshire,Mayor Ana,Third Quarter,inactive
TRI-1125,Timothy Castaneda,"5333 Jennifer Estate Apt. 873, North Matthew, MA 59305",Tricycle,Howard LLC Tricycle Service,2027-02-03,793,OR-997031,2026-02-03,Bryantstad,Mayor Ana,Third Quarter,expired
TRI-1126,Kimberly Wilson,"6490 Eric Center, Port Hannahland, NE 13089",Tricycle,Martin PLC Tricycle Service,2025-12-31,2985,OR-305556,2024-12-31,West Leslie,Mayor Ana,Third Quarter,inactive
TRI-1127,Samantha Anderson,"9857 Kristin Crescent, North Danielle, ID 61896",Tricycle,"Ball, Huynh and Tucker Tricycle Service",2026-11-02,2413,OR-970134,2025-11-02,Elizabethfort,Mayor Juan,First Quarter,inactive
TRI-1128,William Rivera,"Unit 7447 Box 1827, DPO AE 09818",Tricycle,Garcia-Davis Tricycle Service,2025-09-08,2579,OR-828473,2024-09-08,North Jordantown,Mayor Ana,Fourth Quarter,inactive
TRI-1129,Tina Cooper,"8835 Smith Fall, Ramseyside, NM 39572",Tricycle,"Torres, Ramirez and Jackson Tricycle Service",2025-07-15,1752,OR-862591,2024-07-15,Nelsonchester,Mayor Cruz,Third Quarter,active
TRI-1130,Sandra Hayes,"12815 Williams Passage, Fisherfort, NC 47667",Tricycle,Carter-Wilson Tricycle Service,2027-01-31,791,OR-226864,2026-01-31,North Jayburgh,Mayor Juan,Fourth Quarter,expired
TRI-1131,Cassidy Mendoza,"03087 Obrien Court, Jenniferhaven, VT 67605",Tricycle,Reynolds LLC Tricycle Service,2025-02-17,2394,OR-845594,2024-02-18,Jaredchester,Mayor Ana,Fourth Quarter,expired
TRI-1132,Melissa Johnston,"38160 Whitney Grove Suite 817, Hendersontown, HI 24658",Tricycle,"Phillips, Walker and Lynn Tricycle Service",2026-11-20,2074,OR-614801,2025-11-20,Travisshire,Mayor Ana,First Quarter,inactive
TRI-1133,Trevor Green,"895 Burch Lane, Bentonberg, FM 89868",Tricycle,Ryan Inc Tricycle Service,2025-08-04,2863,OR-144603,2024-08-04,East Tinaburgh,Mayor Ana,First Quarter,active
TRI-1134,Richard Romero,"176 Wilcox River Suite 375, Georgeburgh, RI 26746",Tricycle,"Aguilar, Key and Lutz Tricycle Service",2025-10-13,2946,OR-263835,2024-10-13,Jennifermouth,Mayor Juan,Second Quarter,expired
TRI-1135,Michael Banks,"USCGC Hicks, FPO AP 53620",Tricycle,Williams-Daugherty Tricycle Service,2026-02-05,1170,OR-547192,2025-02-05,Port Benjaminborough,Mayor Ana,First Quarter,active
TRI-1136,Steven Campbell,"5512 Shelly Mountain Suite 807, Port Kennethland, AK 47705",Tricycle,Smith-Norman Tricycle Service,2025-04-15,2427,OR-410556,2024-04-15,Port Melissa,Mayor Juan,Third Quarter,inactive
TRI-1137,Mark Humphrey,"7798 Edward Locks Suite 569, New Carolyn, UT 13244",Tricycle,Brown-Ortiz Tricycle Service,2026-01-15,1021,OR-581601,2025-01-15,New Jonathan,Mayor Juan,Fourth Quarter,active
TRI-1138,Vanessa Carey,"3940 Wright Grove Apt. 562, East Kellyton, NJ 67493",Tricycle,Davis-Curtis Tricycle Service,2026-06-16,2768,OR-635486,2025-06-16,Lake Dylanmouth,Mayor Cruz,Fourth Quarter,active
TRI-1139,Anthony Cowan,"41154 Kelsey Mission, Williamsmouth, FL 11605",Tricycle,"Thornton, Price and Mccoy Tricycle Service",2025-10-12,1522,OR-255598,2024-10-12,Myersshire,Mayor Juan,First Quarter,active
TRI-1140,Geoffrey Mueller,"USS Dean, FPO AP 47380",Tricycle,Carey and Sons Tricycle Service,2025-08-08,755,OR-794901,2024-08-08,Leonardshire,Mayor Juan,Second Quarter,active
TRI-1141,Blake Padilla,"USS Nguyen, FPO AE 51846",Tricycle,"Gregory, Anthony and Shaffer Tricycle Service",2025-11-24,614,OR-468500,2024-11-24,East Juliestad,Mayor Ana,Third Quarter,expired
TRI-1142,Susan Williams,"89294 Sarah Shoals Apt. 739, Shawnside, FL 87105",Tricycle,Summers-Lloyd Tricycle Service,2026-09-17,2154,OR-920053,2025-09-17,Vincentburgh,Mayor Juan,Fourth Quarter,inactive
TRI-1143,Vanessa Hill,"04227 Jonathan Track, Juliehaven, WA 98138",Tricycle,Harrell Ltd Tricycle Service,2025-10-07,1790,OR-421380,2024-10-07,Jasonberg,Mayor Cruz,Second Quarter,inactive
TRI-1144,Dawn Sloan,"29666 White Glen Suite 962, Amandafort, ID 22487",Tricycle,Noble-Newman Tricycle Service,2026-09-03,1332,OR-596025,2025-09-03,Arthurside,Mayor Ana,First Quarter,active
TRI-1145,Andrea Johnson,"801 Gonzalez Spurs Apt. 187, Sarahbury, OK 02574",Tricycle,Miller-Williams Tricycle Service,2025-09-13,2690,OR-560696,2024-09-13,Martintown,Mayor Ana,First Quarter,inactive
TRI-1146,Robert Taylor,"7704 Martinez Fork Suite 774, New Amandaport, OK 78368",Tricycle,Mendoza and Sons Tricycle Service,2026-06-15,2177,OR-353407,2025-06-15,North David,Mayor Ana,Third Quarter,expired
TRI-1147,Holly Johnson,"85956 Ashley Bridge Suite 518, Port Damonchester, PA 41246",Tricycle,Webb and Sons Tricycle Service,2025-11-15,2388,OR-446650,2024-11-15,West Randy,Mayor Ana,Second Quarter,expired
TRI-1148,Andrew Robinson,"1255 Mark Port, Angelaview, SC 13781",Tricycle,Anderson-Hayes Tricycle Service,2026-04-07,2464,OR-36308,2025-04-07,Lisamouth,Mayor Ana,Fourth Quarter,expired
TRI-1149,Kathryn Pineda,"2765 Rivera Vista Suite 212, Oliverland, CT 63378",Tricycle,Patterson Group Tricycle Service,2026-03-31,2722,OR-629511,2025-03-31,West Annette,Mayor Juan,First Quarter,expired
TRI-1150,Michael Middleton,"6158 Diana Shoals Suite 650, Jerrychester, MD 28800",Tricycle,Bradley PLC Tricycle Service,2026-07-24,1564,OR-308542,2025-07-24,Port Victor,Mayor Cruz,Third Quarter,inactive
TRI-1151,Susan Douglas,"47656 Lauren Isle, Charlesview, ID 51515",Tricycle,Price-Small Tricycle Service,2026-03-01,1694,OR-656639,2025-03-01,South Patriciamouth,Mayor Cruz,First Quarter,expired
TRI-1152,Timothy Hammond,"96757 Lisa Crossing, Robertchester, HI 01110",Tricycle,Richardson Group Tricycle Service,2025-08-26,505,OR-716379,2024-08-26,Lake Jackhaven,Mayor Juan,Second Quarter,inactive
TRI-1153,Craig Brown,"61474 Scott Walks, Evansbury, MT 02798",Tricycle,Jones Ltd Tricycle Service,2026-12-24,1688,OR-3468,2025-12-24,Travisland,Mayor Cruz,First Quarter,expired
TRI-1154,Cindy Jensen,"8987 Phillips Bypass, New Lacey, FL 45550",Tricycle,Foster and Sons Tricycle Service,2026-12-08,2752,OR-107222,2025-12-08,East Seth,Mayor Cruz,Third Quarter,expired
TRI-1155,John Cochran,"2802 Christine Bridge, Perezville, WY 68670",Tricycle,"Wu, Flores and Hayes Tricycle Service",2025-02-10,1268,OR-74114,2024-02-11,East Gabrielleberg,Mayor Cruz,Second Quarter,active
TRI-1156,Amy Myers,"36997 Ricardo Crossing Apt. 249, Erinmouth, ME 98707",Tricycle,Bell Ltd Tricycle Service,2026-06-20,1991,OR-153241,2025-06-20,West Rebecca,Mayor Juan,Second Quarter,inactive
TRI-1157,Patricia Wilson,"2105 Morrison Loaf Suite 747, Torresmouth, MD 85198",Tricycle,Rivera-Mcknight Tricycle Service,2025-03-05,2898,OR-679962,2024-03-05,Lake Brent,Mayor Ana,Third Quarter,expired
TRI-1158,Matthew Dawson,"86406 Gutierrez Wall Suite 640, Campbellview, MT 80202",Tricycle,Henson LLC Tricycle Service,2025-08-09,1817,OR-850824,2024-08-09,South Scott,Mayor Ana,Second Quarter,active
TRI-1159,Lindsey Francis,"7226 Jessica Viaduct, Port Maureenmouth, OR 57746",Tricycle,"Roberts, Hernandez and Pittman Tricycle Service",2026-04-20,2842,OR-215417,2025-04-20,West Danielle,Mayor Juan,Fourth Quarter,expired
TRI-1160,Michelle Jones,"5387 Kirby Cove Apt. 903, Lake Caleb, NY 68098",Tricycle,Luna Ltd Tricycle Service,2026-12-21,1904,OR-287255,2025-12-21,Timothyhaven,Mayor Juan,Third Quarter,expired
TRI-1161,Shirley Blackwell,"9592 Sheila Isle Apt. 289, West Debrafort, WY 43045",Tricycle,"Cross, Wilson and Pineda Tricycle Service",2025-05-27,2419,OR-592402,2024-05-27,Ronnieberg,Mayor Juan,First Quarter,expired
TRI-1162,Dr. Katelyn Johnson,"6081 Jennifer Summit Apt. 125, Garrettfurt, NH 56571",Tricycle,"Thompson, Moody and Cummings Tricycle Service",2026-03-07,671,OR-510273,2025-03-07,New Richardfort,Mayor Ana,Third Quarter,expired
TRI-1163,Amy Johnston,"543 Evan Orchard, New Kyle, MA 10961",Tricycle,Lee-Brown Tricycle Service,2025-09-11,2901,OR-479514,2024-09-11,North Daveborough,Mayor Juan,Fourth Quarter,active
TRI-1164,Erica Russell,"USNS Marshall, FPO AP 60050",Tricycle,Best and Sons Tricycle Service,2026-08-23,1255,OR-850916,2025-08-23,Nicholasport,Mayor Ana,First Quarter,active
TRI-1165,Christopher Mosley,"97463 Christopher Forges Suite 679, Perezview, IL 71867",Tricycle,Murphy Group Tricycle Service,2025-03-04,1071,OR-715469,2024-03-04,Morganton,Mayor Ana,Fourth Quarter,expired
TRI-1166,Jason Mclean,"83229 Cox Vista, New Jessicaville, IL 23747",Tricycle,"Howell, Salazar and Morgan Tricycle Service",2025-07-16,1705,OR-214653,2024-07-16,Markport,Mayor Juan,Fourth Quarter,expired
TRI-1167,Angela Jackson,"9113 Baker Plaza, New Jose, MI 21698",Tricycle,Nunez LLC Tricycle Service,2025-12-05,2969,OR-662138,2024-12-05,Lake Nicholetown,Mayor Cruz,Second Quarter,active
TRI-1168,Christina Rose,"316 Patel Valley Suite 767, Anthonytown, WY 40641",Tricycle,Alvarez Inc Tricycle Service,2025-10-14,2691,OR-702579,2024-10-14,New Debbieton,Mayor Ana,Third Quarter,active
TRI-1169,Dr. Chelsea Moss MD,"170 Beard Lock, Kennethmouth, CO 81462",Tricycle,Mills LLC Tricycle Service,2026-10-12,1126,OR-877011,2025-10-12,New Karen,Mayor Juan,First Quarter,expired
TRI-1170,Thomas Walker,"Unit 6687 Box 5151, DPO AE 84386",Tricycle,Elliott Group Tricycle Service,2026-06-24,2766,OR-541654,2025-06-24,Port Olivia,Mayor Cruz,Fourth Quarter,expired
TRI-1171,David Boyd,"48171 Hill Road Apt. 112, Lake Tina, NY 26374",Tricycle,Hernandez-Adkins Tricycle Service,2025-03-28,841,OR-502724,2024-03-28,North Tiffany,Mayor Juan,First Quarter,inactive
TRI-1172,Miss Tina Perez,"5342 Jason Crescent Suite 125, Henrytown, VT 24362",Tricycle,Williams Inc Tricycle Service,2027-01-08,1173,OR-374652,2026-01-08,Port Gregory,Mayor Ana,Third Quarter,expired
TRI-1173,Raymond Schmidt,"7421 Nichols Springs Apt. 700, Kellermouth, GU 76255",Tricycle,Morse-Nash Tricycle Service,2025-09-07,824,OR-911062,2024-09-07,Palmerborough,Mayor Juan,Second Quarter,active
TRI-1174,Melissa Ramirez,"18739 Smith Neck, South Joseph, NM 28146",Tricycle,Mueller-Campbell Tricycle Service,2026-11-15,1084,OR-748952,2025-11-15,Lake Andrewmouth,Mayor Ana,Third Quarter,expired
TRI-1175,Mario Wyatt,"93608 Lane Course, Robertville, HI 37373",Tricycle,"Lawson, Jimenez and Robinson Tricycle Service",2026-04-25,1312,OR-752134,2025-04-25,Duncanmouth,Mayor Ana,Second Quarter,inactive
TRI-1176,Marisa Jones,"Unit 0732 Box 0527, DPO AA 01600",Tricycle,"Stewart, Johnson and Barr Tricycle Service",2026-04-29,2659,OR-345569,2025-04-29,Barbarachester,Mayor Ana,First Quarter,active
TRI-1177,Kelli Jones,"3336 Duncan Divide Suite 093, Lake Jerryfort, AZ 51986",Tricycle,Morris-Watson Tricycle Service,2025-02-22,971,OR-230422,2024-02-23,Saundersview,Mayor Ana,First Quarter,active
TRI-1178,Megan Powell,"6592 Sharon Vista Suite 434, East Patriciaside, NM 84871",Tricycle,Murray-Gray Tricycle Service,2026-04-03,794,OR-996160,2025-04-03,West Seanchester,Mayor Juan,Third Quarter,active
TRI-1179,Mitchell Davis,"41155 Stephanie Mountain, Lake Kristi, MH 79120",Tricycle,Singleton LLC Tricycle Service,2026-08-03,1623,OR-16931,2025-08-03,Georgemouth,Mayor Ana,Second Quarter,active
TRI-1180,Stephanie Boyer,"3994 Perry Ford Apt. 887, Port Seanborough, ME 56121",Tricycle,Andrade-Garrett Tricycle Service,2026-07-17,1586,OR-650095,2025-07-17,New Erin,Mayor Cruz,Second Quarter,expired
TRI-1181,Johnny Petty,"USNV Cain, FPO AA 22666",Tricycle,Williams-Hudson Tricycle Service,2025-03-29,1325,OR-7078,2024-03-29,Basshaven,Mayor Ana,Fourth Quarter,active
TRI-1182,Donna Smith,"6402 Timothy Pass Suite 907, Dustinmouth, UT 45981",Tricycle,Gonzalez-Clark Tricycle Service,2025-06-01,1392,OR-230731,2024-06-01,Robertton,Mayor Ana,Fourth Quarter,active
TRI-1183,Mrs. Sheila Phillips DDS,"638 Tina Springs Apt. 645, Ramirezburgh, IA 13000",Tricycle,Mills-Weber Tricycle Service,2026-12-14,1739,OR-98547,2025-12-14,Pooleview,Mayor Cruz,Second Quarter,inactive
TRI-1184,Denise Smith,"7862 Melinda Mountain Apt. 591, Lake Daleport, IL 34403",Tricycle,"Wise, Stone and White Tricycle Service",2026-07-12,2013,OR-239478,2025-07-12,Nicoleland,Mayor Juan,Second Quarter,expired
TRI-1185,Melissa Sutton,"823 Frederick Hills Suite 461, New Bruce, FM 78576",Tricycle,Downs-Flores Tricycle Service,2026-12-03,1739,OR-180917,2025-12-03,New Haley,Mayor Ana,Third Quarter,inactive
TRI-1186,Amanda Hayes,"USCGC Orozco, FPO AE 41086",Tricycle,Holland-Phillips Tricycle Service,2025-10-27,997,OR-32214,2024-10-27,West Andrea,Mayor Juan,Fourth Quarter,expired
TRI-1187,Paul Morgan,"PSC 8587, Box 8162, APO AA 62025",Tricycle,"Mcintyre, Pearson and Webb Tricycle Service",2025-08-05,2231,OR-79931,2024-08-05,North Katrina,Mayor Cruz,Second Quarter,inactive
TRI-1188,Melissa Summers,"85824 George Mountains Apt. 577, Port Benjaminchester, WA 61434",Tricycle,"Rollins, Estrada and Glenn Tricycle Service",2026-12-21,555,OR-829900,2025-12-21,Millerhaven,Mayor Ana,Second Quarter,expired
TRI-1189,Kristina Macias,"Unit 0593 Box 7179, DPO AE 03577",Tricycle,Hayden-Shelton Tricycle Service,2025-03-04,1369,OR-86032,2024-03-04,North Leslie,Mayor Juan,First Quarter,active
TRI-1190,Ashley Wagner,"62774 Klein Haven Apt. 462, South Christophermouth, TN 84854",Tricycle,George-Smith Tricycle Service,2026-01-27,587,OR-843897,2025-01-27,Eugenehaven,Mayor Juan,Third Quarter,active
TRI-1191,Dr. Zachary Pacheco II,"154 Linda Keys, Lake Larryburgh, TX 94612",Tricycle,Drake LLC Tricycle Service,2026-10-31,737,OR-185261,2025-10-31,Allenchester,Mayor Juan,Third Quarter,inactive
TRI-1192,Heather Morales,"53181 Sarah Pass Apt. 080, East Bruceville, PR 05191",Tricycle,Hartman-Lopez Tricycle Service,2026-02-14,691,OR-62641,2025-02-14,Stephenchester,Mayor Cruz,Second Quarter,expired
TRI-1193,John Anderson,"40749 Matthew Squares, North Ericabury, ID 19786",Tricycle,"Stewart, Gordon and Smith Tricycle Service",2025-04-14,1778,OR-950504,2024-04-14,Harveyhaven,Mayor Ana,First Quarter,inactive
TRI-1194,Lisa Roberts,"77132 Davis Lodge Suite 930, Lake Patrick, AS 39933",Tricycle,Gonzales and Sons Tricycle Service,2025-08-10,1836,OR-185458,2024-08-10,Sandraton,Mayor Juan,Fourth Quarter,inactive
TRI-1195,Sonya Rubio,"5676 Emily Pike Apt. 524, East Rebecca, MS 01212",Tricycle,"Taylor, Wyatt and Carter Tricycle Service",2025-10-21,1455,OR-800442,2024-10-21,West Ashley,Mayor Juan,Third Quarter,inactive
TRI-1196,Jane Meza,"4028 Hammond Islands Apt. 288, Hannahmouth, AR 71181",Tricycle,"Schwartz, Dean and Rollins Tricycle Service",2025-10-08,733,OR-768150,2024-10-08,Logantown,Mayor Cruz,Third Quarter,expired
TRI-1197,Dr. John Gutierrez MD,"0330 Archer Tunnel, West Jamesborough, DC 22344",Tricycle,Fitzpatrick-Middleton Tricycle Service,2026-05-02,1766,OR-343552,2025-05-02,South Marytown,Mayor Cruz,Third Quarter,expired
TRI-1198,Christopher Hunt,"Unit 5728 Box 1360, DPO AP 01403",Tricycle,Perry-Nichols Tricycle Service,2026-10-24,2598,OR-212907,2025-10-24,New Staceyfort,Mayor Juan,Second Quarter,active
TRI-1199,Michelle Trujillo,"50703 Jessica Corners, New Jeffrey, MO 40418",Tricycle,Evans Inc Tricycle Service,2026-11-05,2464,OR-51994,2025-11-05,North Monique,Mayor Ana,Second Quarter,active
TRI-1200,Larry Little,"9744 Anderson Ridge, New Edward, GU 68364",Tricycle,Smith Ltd Tricycle Service,2026-08-04,2949,OR-38465,2025-08-04,Galvanville,Mayor Cruz,Fourth Quarter,active
TRI-1201,Cameron Carter,"840 Robert Ferry Apt. 425, Michelleburgh, VI 14917",Tricycle,"Friedman, Gomez and Evans Tricycle Service",2026-09-21,2305,OR-221731,2025-09-21,Jacksonmouth,Mayor Ana,First Quarter,active
TRI-1202,Brandy Rice,"04602 Tyler Rue, East Joseph, WI 39543",Tricycle,"Swanson, Ward and Fuller Tricycle Service",2025-09-08,1524,OR-905064,2024-09-08,West Nicholas,Mayor Juan,Third Quarter,active
TRI-1203,Donna Roberson,"39837 Ramirez Walks, Jeffersontown, CA 19560",Tricycle,Smith-Douglas Tricycle Service,2026-10-29,2158,OR-380657,2025-10-29,Cartertown,Mayor Cruz,First Quarter,active
TRI-1204,Stephanie White,"3643 Higgins Turnpike Suite 996, South Jorge, VI 56750",Tricycle,Owens-Coleman Tricycle Service,2026-03-30,1991,OR-281187,2025-03-30,Lake Melody,Mayor Juan,Fourth Quarter,expired
TRI-1205,Raymond Dawson,"1152 Sherry Neck Suite 482, Lake Kelseyborough, MN 20183",Tricycle,Palmer-Bauer Tricycle Service,2026-02-23,898,OR-345427,2025-02-23,New Carl,Mayor Ana,Fourth Quarter,inactive
TRI-1206,Lisa Daniel,"77408 Taylor Ferry, South Justin, PW 92818",Tricycle,"Reese, Lopez and Ortiz Tricycle Service",2026-03-23,648,OR-814193,2025-03-23,Brandonport,Mayor Cruz,First Quarter,active
TRI-1207,Madison Lopez,"96554 Lewis Trace, Jamieshire, MA 96965",Tricycle,"Matthews, Wright and Castro Tricycle Service",2025-10-01,2472,OR-918430,2024-10-01,Lake Markchester,Mayor Ana,Fourth Quarter,expired
TRI-1208,Edwin Oneal,"6995 Crystal Stravenue Apt. 651, Kingland, MS 44526",Tricycle,Salazar Group Tricycle Service,2026-12-27,2486,OR-508504,2025-12-27,Anthonystad,Mayor Cruz,First Quarter,active
TRI-1209,Bryan Orr,"6268 Paul Motorway, Jasonstad, VT 33557",Tricycle,"Maxwell, Williams and Perez Tricycle Service",2026-03-05,1116,OR-997418,2025-03-05,Annatown,Mayor Cruz,Third Quarter,expired
TRI-1210,Philip Orr,"0853 Manning Circle, East Heather, OH 29150",Tricycle,Middleton Group Tricycle Service,2025-05-17,525,OR-556945,2024-05-17,Knapptown,Mayor Cruz,First Quarter,inactive
TRI-1211,Marcus Deleon,"7844 Little Pine Suite 850, West Deborah, IA 11583",Tricycle,Hernandez Group Tricycle Service,2026-05-20,1188,OR-247470,2025-05-20,Russofort,Mayor Juan,First Quarter,expired
TRI-1212,Robert Williams,"08443 Richard Track, New Jennifer, DC 20901",Tricycle,Robinson-Morris Tricycle Service,2025-04-26,2405,OR-392148,2024-04-26,North Melissa,Mayor Ana,Second Quarter,inactive
TRI-1213,Jesse Odonnell,"Unit 6826 Box 9714, DPO AA 06076",Tricycle,"Robinson, Young and Wilson Tricycle Service",2026-08-20,1990,OR-752717,2025-08-20,Mariachester,Mayor Cruz,Third Quarter,inactive
TRI-1214,Joseph Waller,"9804 Mcmillan Neck, Fosterhaven, TN 27655",Tricycle,Ryan Ltd Tricycle Service,2025-10-04,2520,OR-661641,2024-10-04,Port Marcus,Mayor Cruz,Second Quarter,inactive
TRI-1215,Amanda Ballard,"183 Watkins Lights Apt. 175, Port Sherry, MO 04020",Tricycle,Crawford Group Tricycle Service,2025-08-07,2216,OR-898324,2024-08-07,South Cody,Mayor Cruz,Third Quarter,active
TRI-1216,Holly Flores,"707 Ashley Union, Erinville, TX 64859",Tricycle,Sanford-Simmons Tricycle Service,2025-05-23,2446,OR-781812,2024-05-23,Kochfort,Mayor Cruz,Second Quarter,active
TRI-1217,Jacob Walker II,"61059 Lance Bypass Apt. 786, Williamsonchester, DE 30095",Tricycle,"Anderson, Reed and Gonzales Tricycle Service",2025-12-06,1924,OR-399925,2024-12-06,Michaelshire,Mayor Ana,Second Quarter,active
TRI-1218,Sabrina Hernandez,"401 Hale Mill, South Gregoryberg, SC 15947",Tricycle,Matthews-Taylor Tricycle Service,2026-07-20,2746,OR-508498,2025-07-20,Robinside,Mayor Ana,Third Quarter,expired
TRI-1219,Tina Gentry,"8067 Curry Springs, Lake Jenniferstad, MA 97610",Tricycle,"Brock, Jennings and Johnson Tricycle Service",2025-08-29,765,OR-9702,2024-08-29,Port Danielle,Mayor Juan,Third Quarter,inactive
TRI-1220,Matthew Armstrong,"81402 Anderson Terrace Suite 528, Lake Paul, UT 41449",Tricycle,Schroeder Inc Tricycle Service,2025-08-12,663,OR-500015,2024-08-12,West Trevorview,Mayor Juan,Third Quarter,expired
TRI-1221,April Mccoy,"951 Ronald Landing Suite 132, Port Jonathanberg, NC 43594",Tricycle,Navarro-Barnes Tricycle Service,2025-06-30,2401,OR-182431,2024-06-30,North Bethhaven,Mayor Juan,Fourth Quarter,inactive
TRI-1222,Mr. Justin Sanchez PhD,"53829 Kevin Station, Stevenchester, IA 85296",Tricycle,"Johnson, Gregory and Brown Tricycle Service",2025-06-23,1931,OR-410530,2024-06-23,New Susantown,Mayor Juan,First Quarter,active
TRI-1223,Justin Proctor,"PSC 5276, Box 3058, APO AE 65695",Tricycle,Salas PLC Tricycle Service,2025-07-27,2008,OR-69031,2024-07-27,North Aaron,Mayor Cruz,Second Quarter,active
TRI-1224,Caitlin Lopez,"604 Anthony Mountains Apt. 705, Johnberg, IA 81918",Tricycle,"Cannon, Kramer and Oliver Tricycle Service",2026-03-07,2159,OR-720025,2025-03-07,Lake Nicoleton,Mayor Juan,Second Quarter,active
TRI-1225,Brandy Hampton,"109 Lauren Harbors, West Angelaborough, WI 52281",Tricycle,Fletcher Inc Tricycle Service,2026-02-25,2352,OR-486644,2025-02-25,East Anthony,Mayor Ana,Fourth Quarter,active
TRI-1226,Ashley Baker,"19032 Woods Cliff, Brownbury, RI 95943",Tricycle,"Pena, Forbes and Dean Tricycle Service",2025-05-31,1088,OR-238905,2024-05-31,Lucasfort,Mayor Ana,Third Quarter,expired
TRI-1227,Christopher Vega,"381 Derek Row, Port Jason, VI 28985",Tricycle,Martinez-Martin Tricycle Service,2025-07-19,607,OR-847323,2024-07-19,Williammouth,Mayor Ana,Second Quarter,expired
TRI-1228,Sarah Martin,"76197 Ryan Ridges Suite 437, Lake Breannaville, VI 67126",Tricycle,Mason-Peterson Tricycle Service,2025-02-05,1005,OR-619269,2024-02-06,West Veronica,Mayor Juan,First Quarter,active
TRI-1229,David Mcdaniel,"504 Taylor Mountains Suite 894, New Kara, MO 66043",Tricycle,"Thomas, Lucas and Garcia Tricycle Service",2026-11-04,2371,OR-462679,2025-11-04,Port Victoriastad,Mayor Juan,Fourth Quarter,active
TRI-1230,Scott Brown,"PSC 8415, Box 9810, APO AP 09649",Tricycle,"Hernandez, Santos and Roth Tricycle Service",2025-04-27,1796,OR-343169,2024-04-27,West Pamela,Mayor Cruz,First Quarter,inactive
TRI-1231,Matthew Mooney,"95594 Martin Expressway, Brianview, LA 22238",Tricycle,Adams PLC Tricycle Service,2026-03-05,1702,OR-922908,2025-03-05,Cannonville,Mayor Juan,Fourth Quarter,inactive
TRI-1232,Steven Brown,"9797 Nancy Locks, Elizabethside, MI 58867",Tricycle,Hardy LLC Tricycle Service,2025-03-10,1071,OR-913783,2024-03-10,Jeffersonview,Mayor Cruz,Second Quarter,inactive
TRI-1233,Jessica Wagner,"064 Christina Greens Suite 001, Smithhaven, ID 39876",Tricycle,Martinez Group Tricycle Service,2025-11-07,762,OR-4990,2024-11-07,Keithborough,Mayor Juan,Fourth Quarter,expired
TRI-1234,Joseph Hoffman,"446 Sanders Dale, South Jonathanside, DE 34701",Tricycle,Jones and Sons Tricycle Service,2025-06-14,2942,OR-331196,2024-06-14,Lake Stephenberg,Mayor Cruz,First Quarter,active
TRI-1235,Heather Lopez,"212 Chris Pass Apt. 407, New Jasonfort, NC 67347",Tricycle,"Brown, Ortiz and Brown Tricycle Service",2026-02-15,594,OR-548759,2025-02-15,Kristenmouth,Mayor Ana,First Quarter,active
TRI-1236,Stephanie Anderson,"373 Washington Stravenue Suite 967, New Todd, OH 22080",Tricycle,Branch-Lynch Tricycle Service,2025-05-24,1497,OR-640631,2024-05-24,Michelefort,Mayor Cruz,Fourth Quarter,active
TRI-1237,Roger Stuart,"92408 Li Flat, South Bradley, NE 23891",Tricycle,Taylor-Henson Tricycle Service,2025-08-12,919,OR-767656,2024-08-12,Lisaside,Mayor Cruz,Fourth Quarter,expired
TRI-1238,Laura Arnold,"9618 Alex Expressway Apt. 964, Ronaldchester, TN 20385",Tricycle,"White, Reed and Jones Tricycle Service",2025-07-09,2021,OR-948364,2024-07-09,Barbarahaven,Mayor Ana,Third Quarter,active
TRI-1239,Stephen Gregory,"279 Alicia Inlet, North Stephanieton, NH 59782",Tricycle,Smith Ltd Tricycle Service,2025-09-19,2732,OR-495104,2024-09-19,Michelleberg,Mayor Ana,Third Quarter,expired
TRI-1240,Laura Thompson,"7059 Kimberly Orchard, Kennethhaven, WA 61834",Tricycle,Bell-Cervantes Tricycle Service,2025-09-19,2451,OR-584540,2024-09-19,Port Eileenhaven,Mayor Cruz,Third Quarter,inactive
TRI-1241,John Tate,"9697 Steven Rue, Carrfurt, PA 21272",Tricycle,"Robbins, Weaver and Benitez Tricycle Service",2025-12-13,1883,OR-689534,2024-12-13,West Matthewfort,Mayor Ana,Second Quarter,expired
TRI-1242,Richard Lyons,"482 Campbell Camp Suite 153, Snyderburgh, LA 73973",Tricycle,Lloyd LLC Tricycle Service,2026-05-25,1926,OR-996849,2025-05-25,Sarahberg,Mayor Ana,First Quarter,active
TRI-1243,Karen Stephens,"32056 Jessica Streets, North Carolfurt, DC 06723",Tricycle,Burch-Mitchell Tricycle Service,2026-02-04,2953,OR-566703,2025-02-04,Port Heatherfurt,Mayor Ana,Fourth Quarter,inactive
TRI-1244,Eugene Miller,"6942 Melissa Radial, Coopertown, MI 96121",Tricycle,Stewart-Mclaughlin Tricycle Service,2025-04-12,1291,OR-899507,2024-04-12,Lake Cynthiaborough,Mayor Cruz,Second Quarter,inactive
TRI-1245,Scott Becker,"586 Macdonald Turnpike, Jerryland, ND 02006",Tricycle,Meadows LLC Tricycle Service,2026-06-02,1835,OR-92261,2025-06-02,New Sharon,Mayor Ana,Third Quarter,expired
TRI-1246,Dr. Amber Mcknight,"Unit 1575 Box 2184, DPO AE 15717",Tricycle,Oliver-Rivera Tricycle Service,2025-02-11,1221,OR-813054,2024-02-12,Port Charlesport,Mayor Cruz,Second Quarter,active
TRI-1247,Amanda Spencer,"9885 Sara Pass, Bennettville, CT 75157",Tricycle,Ramirez LLC Tricycle Service,2025-12-29,2462,OR-761582,2024-12-29,Stephanieborough,Mayor Cruz,Third Quarter,expired
TRI-1248,Timothy Webb,"USCGC Estes, FPO AE 28195",Tricycle,Thompson LLC Tricycle Service,2025-04-05,1772,OR-983838,2024-04-05,Staceystad,Mayor Juan,Third Quarter,inactive
TRI-1249,John Adams,"1319 Mary Via, North Douglas, VA 39448",Tricycle,Floyd-Andersen Tricycle Service,2025-02-20,2178,OR-60569,2024-02-21,Bartonchester,Mayor Juan,Third Quarter,expired
TRI-1250,Grant Ramirez,"929 Bass Terrace, South Janet, ME 98453",Tricycle,Mccoy-Yates Tricycle Service,2026-06-25,1095,OR-203367,2025-06-25,South Samanthahaven,Mayor Cruz,First Quarter,active
TRI-1251,Emily Gonzales,"Unit 8592 Box 8362, DPO AA 09028",Tricycle,Rodriguez PLC Tricycle Service,2026-06-23,1636,OR-566933,2025-06-23,South Caseyland,Mayor Juan,Fourth Quarter,active
TRI-1252,Terrance Taylor,"Unit 3989 Box 9578, DPO AE 16734",Tricycle,Williams-Nelson Tricycle Service,2025-08-11,1618,OR-218475,2024-08-11,Jenkinsmouth,Mayor Juan,Fourth Quarter,inactive
TRI-1253,Jill Adkins,"402 Amanda Crest, Jimmyburgh, VI 75813",Tricycle,Jones and Sons Tricycle Service,2026-12-24,2904,OR-725266,2025-12-24,South Heather,Mayor Ana,Second Quarter,expired
TRI-1254,Bobby White,"31638 Williams Isle, Murphyland, IN 22350",Tricycle,Kim-Marquez Tricycle Service,2027-01-16,2264,OR-93682,2026-01-16,North Johnshire,Mayor Juan,First Quarter,active
TRI-1255,David Garcia,"4541 Kristen Manors, Ryanborough, IL 98675",Tricycle,Navarro-Cooper Tricycle Service,2026-05-25,856,OR-54665,2025-05-25,East Julie,Mayor Juan,Third Quarter,inactive
TRI-1256,Michael Murray,"5840 Bryant Burg Apt. 042, East Stephaniestad, KY 06541",Tricycle,Ford-Garcia Tricycle Service,2026-07-14,1520,OR-123779,2025-07-14,South Michaelburgh,Mayor Ana,Third Quarter,inactive
TRI-1257,Alex Stephens,"30903 Harris Green Apt. 614, Sophiachester, IA 79341",Tricycle,Davis-Nixon Tricycle Service,2025-07-30,2355,OR-554734,2024-07-30,West Tonymouth,Mayor Cruz,First Quarter,inactive
TRI-1258,Amanda Bradley,"35894 Bonilla Mall, Carolton, DC 21570",Tricycle,"Sanders, Smith and Weaver Tricycle Service",2025-11-03,664,OR-26381,2024-11-03,Chanview,Mayor Juan,First Quarter,expired
TRI-1259,Michelle Marsh,"962 David Hollow Suite 743, East Rebecca, NY 52976",Tricycle,Rodriguez Group Tricycle Service,2026-04-24,772,OR-135739,2025-04-24,Terrifort,Mayor Ana,First Quarter,active
TRI-1260,Kenneth Burch,"9174 Chelsey Drive, Bowenberg, GU 50398",Tricycle,Johnson and Sons Tricycle Service,2025-12-04,2494,OR-316186,2024-12-04,Kaitlynton,Mayor Cruz,Third Quarter,active
TRI-1261,Xavier Clark,"29938 Erik Loop, South Traci, MH 14295",Tricycle,"Mccann, Johnson and Velasquez Tricycle Service",2025-11-11,1633,OR-210273,2024-11-11,Danielhaven,Mayor Juan,Fourth Quarter,active
TRI-1262,Shannon Smith,"51461 Wilson Forks Apt. 740, New Derek, PR 94419",Tricycle,"Shelton, Sullivan and Morrow Tricycle Service",2026-04-08,517,OR-845246,2025-04-08,South Randallville,Mayor Cruz,Second Quarter,expired
TRI-1263,Sandra Roach,"999 Garcia Meadow, Frankville, PW 23382",Tricycle,"Moyer, Simmons and Miller Tricycle Service",2026-06-23,2872,OR-811862,2025-06-23,New Rachelmouth,Mayor Juan,Fourth Quarter,expired
TRI-1264,Patricia Fleming,"74071 Strong Lights Apt. 568, Marshburgh, WV 11214",Tricycle,Benson-Martinez Tricycle Service,2026-05-23,1270,OR-338954,2025-05-23,Bellville,Mayor Ana,Second Quarter,expired
TRI-1265,Edward Kennedy,"4574 Frances Glen Suite 024, North Allison, MN 38024",Tricycle,Smith-Page Tricycle Service,2026-09-01,2783,OR-111362,2025-09-01,Barretttown,Mayor Cruz,Third Quarter,inactive
TRI-1266,Benjamin Aguirre,"64755 Gregory Ridge, Phillipsside, NM 21430",Tricycle,Walls Ltd Tricycle Service,2025-08-29,593,OR-21860,2024-08-29,Danieltown,Mayor Juan,Third Quarter,inactive
TRI-1267,Anthony Cline,"19007 Brandon Lake Apt. 972, Wadeport, PW 43507",Tricycle,Sullivan PLC Tricycle Service,2026-10-02,2442,OR-928933,2025-10-02,Lake Zacharyview,Mayor Cruz,Second Quarter,active
TRI-1268,Marcus Miller,"356 Ellen Ferry, Gomezview, NJ 36730",Tricycle,"Williams, Rich and Parrish Tricycle Service",2026-08-04,1245,OR-291935,2025-08-04,Port Jasonville,Mayor Ana,Third Quarter,expired
TRI-1269,Colleen Chavez,"958 Alice Grove Suite 783, New Kyle, NC 22067",Tricycle,Richard PLC Tricycle Service,2026-06-06,2808,OR-490342,2025-06-06,North Jonathan,Mayor Ana,Third Quarter,expired
TRI-1270,Karen Murray,"529 Benjamin Mountain, Michaelland, WY 75694",Tricycle,Cox-Turner Tricycle Service,2026-03-07,1297,OR-511580,2025-03-07,West Matthew,Mayor Juan,Fourth Quarter,expired
TRI-1271,Joseph Perez,"391 Jeffery Hill Apt. 857, Barryfurt, AS 27246",Tricycle,Hicks-Clark Tricycle Service,2025-03-16,2888,OR-116569,2024-03-16,Leahburgh,Mayor Juan,Third Quarter,inactive
TRI-1272,Latoya Lopez,"4093 Christensen Underpass Suite 441, Port James, NH 29539",Tricycle,"Hale, Wilson and Williams Tricycle Service",2026-04-27,2451,OR-237008,2025-04-27,Lake Juliafort,Mayor Juan,Second Quarter,inactive
TRI-1273,Barbara Fletcher,"66614 Juan Parks Apt. 700, Jameston, NY 17681",Tricycle,Cox-Pena Tricycle Service,2026-07-18,1892,OR-647216,2025-07-18,Baldwinview,Mayor Cruz,Fourth Quarter,inactive
TRI-1274,Gregory Johnson,"766 Esparza Village, South Teresa, IL 98341",Tricycle,Hill Group Tricycle Service,2025-03-06,1016,OR-982897,2024-03-06,West Elizabethbury,Mayor Cruz,Third Quarter,expired
TRI-1275,Jim Mendoza,"605 David Shore, Gardnerchester, LA 18985",Tricycle,Reid LLC Tricycle Service,2025-12-17,1342,OR-216117,2024-12-17,Colemanchester,Mayor Juan,Fourth Quarter,expired
TRI-1276,Margaret Silva,"73910 Smith Drive, Wongmouth, WV 64773",Tricycle,Gaines-Adams Tricycle Service,2025-08-12,2733,OR-891511,2024-08-12,West Kathryn,Mayor Ana,Second Quarter,inactive
TRI-1277,Brian Lam,"2854 Leach Row Apt. 523, Rebeccaland, IN 64028",Tricycle,Simpson-Cain Tricycle Service,2026-11-25,590,OR-138246,2025-11-25,Shannonport,Mayor Cruz,Fourth Quarter,active
TRI-1278,Rebecca Smith,"PSC 2142, Box 0864, APO AE 33620",Tricycle,"Everett, Harrison and Wright Tricycle Service",2026-09-10,2996,OR-577967,2025-09-10,Duranhaven,Mayor Cruz,Second Quarter,expired
TRI-1279,Madeline Armstrong,"07644 Hardin Track, Jonesport, OR 39837",Tricycle,Moore and Sons Tricycle Service,2026-07-07,2033,OR-99243,2025-07-07,East Nicholasland,Mayor Ana,Second Quarter,inactive
TRI-1280,Cindy Kim,"Unit 2672 Box 5848, DPO AA 49761",Tricycle,Rodriguez and Sons Tricycle Service,2026-01-01,2783,OR-709325,2025-01-01,Clintonbury,Mayor Cruz,First Quarter,inactive
TRI-1281,Collin Garcia,"058 Danielle Vista Apt. 745, Rhondaport, OR 85871",Tricycle,Moore Ltd Tricycle Service,2026-03-22,2351,OR-219088,2025-03-22,East Melissa,Mayor Juan,First Quarter,inactive
TRI-1282,Jonathan Miller,"06301 Julie Road, Port Bradleybury, KS 14700",Tricycle,Mendez LLC Tricycle Service,2025-12-16,2405,OR-50647,2024-12-16,Knightchester,Mayor Juan,Fourth Quarter,expired
TRI-1283,Ethan Horne,"732 Potter Path Apt. 223, Port Jackiemouth, GU 77723",Tricycle,"Mclaughlin, Campbell and Hill Tricycle Service",2025-06-27,783,OR-363932,2024-06-27,Carneyberg,Mayor Cruz,First Quarter,active
TRI-1284,Jean Strickland,"737 Jody Bridge Suite 379, East Kevin, NM 08413",Tricycle,Hoover LLC Tricycle Service,2025-09-11,1701,OR-786160,2024-09-11,Farrelltown,Mayor Juan,Fourth Quarter,inactive
TRI-1285,Anthony Lawson,"5544 Michael Ville, Joshualand, MH 21648",Tricycle,Stewart-Alexander Tricycle Service,2026-12-10,2873,OR-266175,2025-12-10,Andrewburgh,Mayor Cruz,Second Quarter,active
TRI-1286,Melissa Rodriguez,"318 Hodge Camp Apt. 099, Port Christopherbury, HI 90970",Tricycle,Neal-Mitchell Tricycle Service,2025-08-06,1947,OR-706615,2024-08-06,Guzmanland,Mayor Juan,First Quarter,expired
TRI-1287,Mark Barrett,"9425 Velasquez Haven Suite 404, Nelsonside, DE 42723",Tricycle,"Ashley, Perez and Robbins Tricycle Service",2026-11-23,2736,OR-826917,2025-11-23,New Lisaview,Mayor Cruz,Third Quarter,inactive
TRI-1288,Brian Cole,"73882 Kevin Run Suite 513, Washingtonmouth, IN 73180",Tricycle,"Mills, Byrd and Tucker Tricycle Service",2026-09-01,2319,OR-741142,2025-09-01,Drakeport,Mayor Cruz,Second Quarter,active
TRI-1289,Robert Torres,"8524 Grimes Greens, Jonesbury, VI 71940",Tricycle,Acosta Inc Tricycle Service,2026-08-10,802,OR-598753,2025-08-10,Port Austinchester,Mayor Juan,Fourth Quarter,inactive
TRI-1290,Andrea Le,"632 Jennifer Isle, Port Stephanie, TX 67209",Tricycle,"Murillo, Knight and Smith Tricycle Service",2025-08-01,2393,OR-820443,2024-08-01,North Joshua,Mayor Cruz,Fourth Quarter,inactive
TRI-1291,Jessica Duke,"81415 Chavez Oval, Michellestad, ID 30564",Tricycle,Ortega PLC Tricycle Service,2026-08-25,1642,OR-98152,2025-08-25,Kristinfort,Mayor Ana,Fourth Quarter,active
TRI-1292,Christopher Horton,"79407 Davis Garden, East Timothy, NM 76391",Tricycle,Wilkins-Mack Tricycle Service,2025-02-27,758,OR-464816,2024-02-28,Hannahstad,Mayor Ana,Third Quarter,active
TRI-1293,Eduardo Hansen,"743 Jose Junctions, West Brandifort, AZ 56850",Tricycle,Mora PLC Tricycle Service,2027-02-04,1160,OR-989129,2026-02-04,Jessicamouth,Mayor Cruz,First Quarter,inactive
TRI-1294,Jonathan Anderson,"267 Michelle Lodge, Gregorymouth, NM 89852",Tricycle,Johnson Ltd Tricycle Service,2026-09-03,2754,OR-221369,2025-09-03,Carrollfort,Mayor Cruz,Second Quarter,active
TRI-1295,Julia Davies,"89236 Bruce Inlet, Port Cynthia, DC 86736",Tricycle,"Lindsey, Hamilton and Monroe Tricycle Service",2025-12-31,1370,OR-86796,2024-12-31,Lawsonfurt,Mayor Ana,First Quarter,expired
TRI-1296,Barbara Smith,"PSC 5904, Box 4462, APO AP 55400",Tricycle,"Parker, Hudson and Mcneil Tricycle Service",2026-12-03,1934,OR-426208,2025-12-03,South William,Mayor Ana,Third Quarter,expired
TRI-1297,Mr. Justin Clark,"77391 Lindsey Motorway Suite 027, North Raymondshire, RI 73356",Tricycle,Bridges Inc Tricycle Service,2025-04-15,2951,OR-745769,2024-04-15,New Davidbury,Mayor Cruz,First Quarter,inactive
TRI-1298,Sandra Lane,"2900 Tammy Mount Suite 512, Kimberlyville, PA 85520",Tricycle,Petersen Inc Tricycle Service,2026-08-23,2564,OR-983294,2025-08-23,Port Heatherberg,Mayor Ana,Second Quarter,expired
TRI-1299,Brian Anderson,"33331 Stephanie Hills Apt. 933, East Melissamouth, KY 41277",Tricycle,"Malone, Thornton and Gonzalez Tricycle Service",2026-08-11,567,OR-242517,2025-08-11,Kaitlinton,Mayor Juan,Second Quarter,active
TRI-1300,Stephanie Castro,"51373 Dean Ports Suite 508, Lake Marvin, SD 53202",Tricycle,Simmons-Herrera Tricycle Service,2026-12-27,2645,OR-531553,2025-12-27,Andreshire,Mayor Ana,Fourth Quarter,active
TRI-1301,Steven Cox,"63159 Caleb Pine Apt. 365, Alexisborough, AR 95657",Tricycle,"Cox, Cox and Rosario Tricycle Service",2025-05-20,739,OR-174966,2024-05-20,East Jenniferborough,Mayor Cruz,Third Quarter,expired
TRI-1302,Christine Maddox,"909 Ruth Cove Apt. 431, Davidshire, OH 79831",Tricycle,Cline-Lyons Tricycle Service,2025-11-17,2417,OR-204142,2024-11-17,Jesseborough,Mayor Ana,Second Quarter,inactive
TRI-1303,Stephanie Williams,"Unit 3774 Box 7712, DPO AA 89906",Tricycle,Edwards-Rodriguez Tricycle Service,2026-09-03,2646,OR-957303,2025-09-03,Amberview,Mayor Ana,Third Quarter,expired
TRI-1304,Melissa Smith,"Unit 0962 Box 0923, DPO AE 12695",Tricycle,"Mcbride, Carpenter and Jones Tricycle Service",2026-01-05,1936,OR-530030,2025-01-05,Gravesbury,Mayor Cruz,First Quarter,inactive
TRI-1305,Erin Holt,"Unit 1921 Box 8788, DPO AP 23186",Tricycle,George and Sons Tricycle Service,2025-06-04,1908,OR-72580,2024-06-04,New Gloriamouth,Mayor Ana,Third Quarter,inactive
TRI-1306,Joel Cummings,"0661 Joanne Expressway, New Marthastad, AS 67921",Tricycle,Park-Clayton Tricycle Service,2025-11-09,2993,OR-63010,2024-11-09,Staceychester,Mayor Cruz,First Quarter,inactive
TRI-1307,Clinton Stevens,"917 Reyes Spur Apt. 236, Cooperbury, IL 14268",Tricycle,Ward Ltd Tricycle Service,2025-12-20,1986,OR-518037,2024-12-20,North Laurenmouth,Mayor Cruz,First Quarter,inactive
TRI-1308,Ricardo Baker,"6395 Cameron Dam, Claudiamouth, MP 42914",Tricycle,White and Sons Tricycle Service,2026-04-26,982,OR-298173,2025-04-26,North Jeffreyhaven,Mayor Juan,Fourth Quarter,expired
TRI-1309,Abigail Garza,"83769 Francis Drives, Sanchezside, ME 01211",Tricycle,"Vasquez, Diaz and Davies Tricycle Service",2026-12-02,2018,OR-316127,2025-12-02,South Zachary,Mayor Cruz,Third Quarter,expired
TRI-1310,Jason Patrick,"881 Carter Plains Apt. 330, Scottburgh, CA 79854",Tricycle,Black LLC Tricycle Service,2025-07-11,2850,OR-601435,2024-07-11,Port Meganport,Mayor Cruz,Fourth Quarter,active
TRI-1311,Ian Maldonado,"0146 Rodriguez Fords Apt. 836, East Rubenburgh, OH 08693",Tricycle,Morrison Ltd Tricycle Service,2025-09-01,2961,OR-163297,2024-09-01,New Wayneton,Mayor Juan,Fourth Quarter,expired
TRI-1312,Victoria Thompson,"96064 Andrew Mall, East Ryan, WA 31288",Tricycle,"Norris, Erickson and Delgado Tricycle Service",2026-06-07,1099,OR-758177,2025-06-07,North Ashley,Mayor Juan,Third Quarter,active
TRI-1313,Luke Stone,"11912 Melanie Port Suite 848, Lake Stephanie, WA 57387",Tricycle,Moore PLC Tricycle Service,2026-06-09,2996,OR-825871,2025-06-09,East Sue,Mayor Juan,Fourth Quarter,active
TRI-1314,Scott Obrien,"4836 Alyssa Extensions Apt. 614, East Carrieport, PA 04664",Tricycle,"Ortiz, Levy and Cooper Tricycle Service",2025-09-16,958,OR-711332,2024-09-16,Huffmanstad,Mayor Juan,First Quarter,active
TRI-1315,Joseph Hendrix,"9381 Reed Drives, Port Dorothy, FM 99284",Tricycle,"Jones, Miller and Little Tricycle Service",2026-11-06,964,OR-293991,2025-11-06,West Kaylaton,Mayor Juan,First Quarter,expired
TRI-1316,Emily Sweeney,"609 Stone Gardens Apt. 070, Swansonberg, DC 78318",Tricycle,"Diaz, Roberts and Larson Tricycle Service",2025-07-26,568,OR-932956,2024-07-26,North Jeremyfort,Mayor Ana,First Quarter,inactive
TRI-1317,Christina Dickerson,"277 Flores Summit Apt. 161, North Tonyaborough, LA 30750",Tricycle,"Carpenter, Torres and Scott Tricycle Service",2025-06-08,841,OR-270200,2024-06-08,East Wesley,Mayor Ana,Second Quarter,expired
TRI-1318,Caitlin Munoz,"8184 Kelly Key Suite 543, North Abigail, TX 45654",Tricycle,"Reed, Gibson and Macdonald Tricycle Service",2025-06-18,1822,OR-79274,2024-06-18,Patrickborough,Mayor Cruz,First Quarter,expired
TRI-1319,Kimberly Gregory,"063 Gaines Shore, South Matthew, PW 93268",Tricycle,"Hayes, Rogers and Fowler Tricycle Service",2027-01-03,952,OR-433521,2026-01-03,Jamesborough,Mayor Juan,Third Quarter,expired
TRI-1320,Troy Harris,"034 Brandy Meadow Suite 262, South Tylerborough, IN 55852",Tricycle,"Baker, Garrett and Graham Tricycle Service",2026-09-24,2114,OR-353210,2025-09-24,Lake Andrewland,Mayor Juan,First Quarter,active
TRI-1321,Anthony Hall,"6467 Leonard Ville, South Carolfort, WV 52400",Tricycle,Nixon Group Tricycle Service,2025-10-18,2506,OR-853593,2024-10-18,Fisherview,Mayor Juan,Fourth Quarter,expired
TRI-1322,Sabrina Oconnor,"PSC 2960, Box 6223, APO AP 00810",Tricycle,Osborn LLC Tricycle Service,2025-06-16,798,OR-138191,2024-06-16,Lake Sara,Mayor Ana,Second Quarter,inactive
TRI-1323,Devon Obrien,"724 Wade Pines, Turnerville, VA 49073",Tricycle,"Brown, Phillips and Aguirre Tricycle Service",2025-09-20,1549,OR-793600,2024-09-20,Castilloland,Mayor Cruz,Third Quarter,active
TRI-1324,Kristen Lee,"294 Ariel Garden Suite 250, Reeseburgh, MI 81394",Tricycle,Harris Group Tricycle Service,2026-12-14,2417,OR-285862,2025-12-14,Tatefort,Mayor Cruz,Third Quarter,active
TRI-1325,Julie Russell,"USNV Reid, FPO AP 49989",Tricycle,"Hamilton, Turner and Carter Tricycle Service",2025-04-06,563,OR-806330,2024-04-06,South Christine,Mayor Cruz,First Quarter,expired
TRI-1326,Meagan Russo,"423 John Roads Suite 586, South Amyburgh, AL 26526",Tricycle,Steele PLC Tricycle Service,2025-09-25,2734,OR-836770,2024-09-25,South Shirley,Mayor Cruz,Fourth Quarter,inactive
TRI-1327,Steven Peterson,"PSC 4024, Box 2246, APO AA 88600",Tricycle,Dickson-Hayes Tricycle Service,2025-09-16,1976,OR-456384,2024-09-16,North Anthony,Mayor Ana,Fourth Quarter,active
TRI-1328,Jason Meyer,"68154 Cole Gardens Suite 626, Potterstad, NH 73499",Tricycle,"Moore, Mcgee and Edwards Tricycle Service",2025-12-26,2698,OR-91875,2024-12-26,New Jill,Mayor Cruz,Second Quarter,inactive
TRI-1329,Todd Adams,"423 Johns Lakes Apt. 657, East Rodneystad, MP 00782",Tricycle,Hall Group Tricycle Service,2026-12-23,1842,OR-217396,2025-12-23,Brittanyborough,Mayor Juan,Fourth Quarter,expired
TRI-1330,Chelsea Walker,"8932 Parker Mount Suite 646, Port Madelinemouth, WV 95830",Tricycle,Gonzalez Inc Tricycle Service,2025-09-07,2594,OR-910577,2024-09-07,New Laurie,Mayor Ana,Third Quarter,inactive
TRI-1331,Brenda Cummings,"5212 Justin Camp Apt. 785, Wilsonshire, NH 33747",Tricycle,"Anderson, Walsh and Lewis Tricycle Service",2026-06-26,849,OR-629469,2025-06-26,Carterview,Mayor Juan,First Quarter,active
TRI-1332,Bryan Galloway,"Unit 3395 Box 5541, DPO AE 27424",Tricycle,"Pace, May and Gray Tricycle Service",2025-03-21,1302,OR-676047,2024-03-21,West Erik,Mayor Cruz,First Quarter,active
TRI-1333,James Daniels,"64629 Davis Drive Suite 401, North John, WA 15068",Tricycle,"Perez, Tapia and Melendez Tricycle Service",2025-07-14,2011,OR-797249,2024-07-14,Port Amanda,Mayor Cruz,Third Quarter,inactive
TRI-1334,Jennifer Welch,"458 Butler Light, Barbarafort, NC 10893",Tricycle,Brown-Walls Tricycle Service,2026-06-17,2513,OR-771045,2025-06-17,East Christinaport,Mayor Ana,Fourth Quarter,active
TRI-1335,Victoria Jordan,"4763 Diane Square Suite 409, Oliviaville, MA 34877",Tricycle,Hunter and Sons Tricycle Service,2025-09-18,702,OR-658489,2024-09-18,Cookport,Mayor Ana,Second Quarter,inactive
TRI-1336,Michael Marshall,"2537 Miller Trace Suite 147, Port Misty, HI 19415",Tricycle,Schmidt Group Tricycle Service,2026-12-09,2842,OR-244891,2025-12-09,Stephenchester,Mayor Cruz,Second Quarter,inactive
TRI-1337,Daniel Stevens,"14904 April Neck Suite 597, Burgesschester, ID 11598",Tricycle,Bell PLC Tricycle Service,2026-08-25,1906,OR-69763,2025-08-25,Andersonhaven,Mayor Cruz,Third Quarter,active
TRI-1338,Justin Stewart,"49483 David Isle, West Kirsten, OH 36674",Tricycle,Lopez-Perez Tricycle Service,2026-01-28,2515,OR-467689,2025-01-28,Lauraside,Mayor Cruz,Fourth Quarter,active
TRI-1339,Diana Martinez,"851 Cooper Garden, Nicolemouth, NE 47590",Tricycle,Burton Ltd Tricycle Service,2025-10-16,2951,OR-646971,2024-10-16,Hernandezland,Mayor Ana,Fourth Quarter,expired
TRI-1340,Pamela Kelly,"08856 Anna Spring, Lake Richardport, VA 81119",Tricycle,"Horne, Cunningham and Taylor Tricycle Service",2026-04-24,1537,OR-921863,2025-04-24,Lake Joshua,Mayor Ana,First Quarter,expired
TRI-1341,Melinda Parsons,"18822 Annette Extension Apt. 407, Harrellton, FM 40925",Tricycle,Vang-Barrett Tricycle Service,2026-08-02,2145,OR-64129,2025-08-02,Lake Carlside,Mayor Ana,First Quarter,inactive
TRI-1342,Lindsay White,"05737 Conner Stravenue Suite 907, Marcuston, NC 86829",Tricycle,Griffin Group Tricycle Service,2025-04-19,2267,OR-114534,2024-04-19,Vaughnstad,Mayor Ana,Fourth Quarter,active
TRI-1343,Stephen Allen,"0110 Monica Fort Apt. 433, East Amanda, SD 90667",Tricycle,Sanchez-Wright Tricycle Service,2026-02-03,2804,OR-485356,2025-02-03,Lake Ronaldshire,Mayor Cruz,Fourth Quarter,active
TRI-1344,Hunter Lee,"5559 Jennifer Station, East Sallytown, AS 29054",Tricycle,Hicks-Lawson Tricycle Service,2025-07-12,1494,OR-919538,2024-07-12,Lewisberg,Mayor Ana,Second Quarter,active
TRI-1345,Martin Rogers,"USCGC Freeman, FPO AA 24319",Tricycle,Jones-Cruz Tricycle Service,2025-11-22,2002,OR-703775,2024-11-22,Gwendolynville,Mayor Ana,Second Quarter,expired
TRI-1346,Lisa Newton,"095 Stevens Lake Apt. 424, Port Joe, OH 28366",Tricycle,Smith Inc Tricycle Service,2025-08-08,1943,OR-350179,2024-08-08,Virginiaborough,Mayor Cruz,First Quarter,expired
TRI-1347,Robin Reed,"4535 Charles Drive Apt. 312, Ortizshire, TN 58859",Tricycle,Rodriguez Ltd Tricycle Service,2026-04-22,2481,OR-828595,2025-04-22,Nealbury,Mayor Cruz,Fourth Quarter,inactive
TRI-1348,Devin Potter,"3859 Green Spur Suite 353, New Jonathanshire, VT 02511",Tricycle,"Hanson, Turner and Dunn Tricycle Service",2027-01-27,1440,OR-56252,2026-01-27,Lake Sydney,Mayor Juan,Third Quarter,expired
TRI-1349,Jeff Jensen,"869 Katie Common, West Thomas, HI 94547",Tricycle,"Hopkins, Mills and Barnes Tricycle Service",2026-12-17,2203,OR-793153,2025-12-17,North Seanburgh,Mayor Ana,Fourth Quarter,active
TRI-1350,Justin Le,"130 Stacey Well, Margaretstad, SD 64640",Tricycle,"Clark, Miller and Marsh Tricycle Service",2026-06-01,1736,OR-675873,2025-06-01,Amymouth,Mayor Cruz,Third Quarter,expired
TRI-1351,Sheri Walker,"138 Brandi Way Apt. 839, South Sabrinaport, TX 31895",Tricycle,"Bailey, Decker and Davis Tricycle Service",2025-04-21,2940,OR-968404,2024-04-21,South Saramouth,Mayor Juan,Second Quarter,active
TRI-1352,Nicholas Harris,"39889 Stephanie Square, Hortonton, DE 54933",Tricycle,Payne Ltd Tricycle Service,2025-10-15,1706,OR-259314,2024-10-15,South Rhonda,Mayor Ana,Second Quarter,expired
TRI-1353,Elizabeth Fox,"4971 Paul Ridges Apt. 140, East Sarahville, WA 79911",Tricycle,Jackson LLC Tricycle Service,2026-08-14,1322,OR-954684,2025-08-14,Garyberg,Mayor Ana,Third Quarter,inactive
TRI-1354,Timothy Schneider,"1384 Jennifer Club Apt. 098, West Nathanfort, OR 68081",Tricycle,"Smith, Thompson and Jones Tricycle Service",2026-05-16,1929,OR-401165,2025-05-16,Johnville,Mayor Juan,First Quarter,expired
TRI-1355,Pedro Fisher,"18628 Brittany Landing Apt. 795, Reynoldsborough, MD 10341",Tricycle,Moore Group Tricycle Service,2026-08-14,2586,OR-309008,2025-08-14,Lake Autumnshire,Mayor Juan,First Quarter,active
TRI-1356,Miranda Jarvis,"2797 Robert Burg, Tonychester, PW 18569",Tricycle,"Bell, Anderson and Wood Tricycle Service",2026-02-05,2735,OR-97620,2025-02-05,East Allisonland,Mayor Ana,Third Quarter,expired
TRI-1357,Stephanie Sullivan,"516 Ariel Cliffs Suite 108, West Richard, WI 80298",Tricycle,"Estrada, Davila and Cox Tricycle Service",2025-10-31,1324,OR-990274,2024-10-31,West Markshire,Mayor Juan,First Quarter,expired
TRI-1358,Hannah Hamilton,"5440 Marvin Orchard Suite 742, Rhondafort, ID 45791",Tricycle,Dean-Sharp Tricycle Service,2026-01-31,1813,OR-326136,2025-01-31,Lake Jessicatown,Mayor Ana,Fourth Quarter,expired
TRI-1359,Jennifer Nguyen,"Unit 9893 Box 4190, DPO AA 67880",Tricycle,"Flores, Wolfe and Vaughn Tricycle Service",2026-03-07,1888,OR-229401,2025-03-07,New Christian,Mayor Cruz,Fourth Quarter,active
TRI-1360,Anthony Cisneros,"6545 Catherine Meadow Apt. 282, Johnport, MD 03225",Tricycle,Miller Ltd Tricycle Service,2025-12-29,893,OR-400355,2024-12-29,Waremouth,Mayor Cruz,Fourth Quarter,expired
TRI-1361,Robert Johnson,"234 Torres Rapids, Williamston, FM 68481",Tricycle,"Williams, Rogers and Warren Tricycle Service",2025-08-12,2735,OR-747533,2024-08-12,Danachester,Mayor Ana,Fourth Quarter,active
TRI-1362,Alyssa Johnson,"19933 Arnold Fords Suite 914, South Martin, NM 98356",Tricycle,Pearson PLC Tricycle Service,2025-11-13,2339,OR-13336,2024-11-13,East Pamela,Mayor Juan,Third Quarter,active
TRI-1363,Shawn Hernandez,"USNV Pollard, FPO AE 24773",Tricycle,Ramirez Inc Tricycle Service,2025-12-31,2517,OR-283306,2024-12-31,East Sethton,Mayor Cruz,First Quarter,inactive
TRI-1364,Jason Higgins,"USS Wright, FPO AP 66809",Tricycle,"Williams, Macias and Horne Tricycle Service",2026-10-11,2028,OR-52728,2025-10-11,East Calvinport,Mayor Ana,First Quarter,expired
TRI-1365,Jessica Jones,"72273 Diaz Unions, Port Louisville, OH 24492",Tricycle,Williams-Day Tricycle Service,2026-09-19,2874,OR-833539,2025-09-19,Hillfurt,Mayor Cruz,First Quarter,active
TRI-1366,Jocelyn Hartman,"9464 Alicia Views, Woodside, NM 99947",Tricycle,Newton PLC Tricycle Service,2025-04-07,1690,OR-508504,2024-04-07,Javierland,Mayor Juan,Fourth Quarter,inactive
TRI-1367,Stephen Hahn,"USNS Rice, FPO AE 38688",Tricycle,Anderson-Gordon Tricycle Service,2026-03-13,1512,OR-560267,2025-03-13,Chavezfort,Mayor Ana,Fourth Quarter,inactive
TRI-1368,Troy Robertson,"6855 Jackson Creek, Daviston, HI 00794",Tricycle,Wood-Fisher Tricycle Service,2025-05-09,2712,OR-439125,2024-05-09,Kimview,Mayor Juan,Third Quarter,expired
TRI-1369,Andrew Brock,"525 Laura Haven, South Wesley, VT 93523",Tricycle,"Dunn, Conner and Russell Tricycle Service",2025-07-28,2324,OR-770311,2024-07-28,Port John,Mayor Cruz,First Quarter,expired
TRI-1370,Jill Hill,"044 Joanne Wells Suite 587, North Reneestad, NE 26772",Tricycle,"Vasquez, Lozano and Rubio Tricycle Service",2025-05-05,597,OR-450595,2024-05-05,West Richard,Mayor Juan,Third Quarter,inactive
TRI-1371,Thomas Johnston,"7923 Campbell Locks, South Ryanfurt, MH 65493",Tricycle,"Coleman, Marshall and Wallace Tricycle Service",2026-11-27,1471,OR-598064,2025-11-27,East Erikstad,Mayor Juan,Second Quarter,inactive
TRI-1372,Nathaniel Johnson,"224 Travis Shoal Apt. 896, Nguyenbury, FL 85504",Tricycle,"Smith, Ellis and Smith Tricycle Service",2026-02-11,1045,OR-227090,2025-02-11,South Brianburgh,Mayor Juan,First Quarter,inactive
TRI-1373,Jorge Williams,"75546 Williams Expressway, New Katherine, MD 74408",Tricycle,"Torres, Thomas and Cobb Tricycle Service",2026-05-24,1133,OR-857287,2025-05-24,Kirstenmouth,Mayor Ana,First Quarter,inactive
TRI-1374,Tommy Massey,"USNV Lucas, FPO AP 62917",Tricycle,Hurley Ltd Tricycle Service,2026-11-30,2640,OR-690266,2025-11-30,South Ashley,Mayor Juan,Second Quarter,expired
TRI-1375,Ricky Wood,"6168 Jordan Fords, Wendyton, NC 72774",Tricycle,"Moran, Green and Massey Tricycle Service",2025-04-06,1788,OR-302959,2024-04-06,Hurstshire,Mayor Juan,Third Quarter,active
TRI-1376,Cheyenne Robinson,"00221 Heath Lane Suite 160, Port Thomas, IA 39041",Tricycle,Jacobs-Ward Tricycle Service,2026-10-27,533,OR-843313,2025-10-27,West Rachel,Mayor Juan,Third Quarter,expired
TRI-1377,James Hart,"7611 Hernandez Mills Suite 410, Estesborough, CT 76767",Tricycle,Le-Maddox Tricycle Service,2026-08-26,1712,OR-11951,2025-08-26,North Georgeport,Mayor Cruz,First Quarter,inactive
TRI-1378,Alexander Fitzpatrick,"5115 Robert Curve Suite 654, Kristenberg, MD 37596",Tricycle,Gonzalez-Miller Tricycle Service,2026-02-26,1943,OR-682240,2025-02-26,Port Andrewchester,Mayor Cruz,First Quarter,inactive
TRI-1379,Jennifer Collins,"7177 Wright Expressway Apt. 199, South Jenniferburgh, OH 10418",Tricycle,Crawford-Smith Tricycle Service,2026-06-06,1498,OR-586097,2025-06-06,Philipland,Mayor Juan,First Quarter,active
TRI-1380,Kristin Meadows,"9340 Robertson Road, Port Reneeview, KS 22697",Tricycle,Elliott and Sons Tricycle Service,2026-07-11,589,OR-914327,2025-07-11,East Teresaburgh,Mayor Cruz,Fourth Quarter,inactive
TRI-1381,James Anderson,"34637 Debra Groves, North Bobbymouth, KY 92749",Tricycle,Smith Group Tricycle Service,2026-03-18,706,OR-564817,2025-03-18,Meaganberg,Mayor Cruz,First Quarter,active
TRI-1382,Jason Hayden,"PSC 2276, Box 5452, APO AA 31944",Tricycle,Brown Group Tricycle Service,2027-01-18,826,OR-60520,2026-01-18,New Mindyhaven,Mayor Cruz,First Quarter,inactive
TRI-1383,Kirk Guzman,"9547 Lewis Ridges, Jamesside, MH 41554",Tricycle,Sanchez Ltd Tricycle Service,2026-01-05,2889,OR-206782,2025-01-05,Lake Edward,Mayor Juan,Fourth Quarter,expired
TRI-1384,Thomas Jackson MD,"2805 Keith Roads Apt. 738, Glennbury, IA 42107",Tricycle,"Nelson, Foley and Williams Tricycle Service",2027-01-27,1469,OR-688127,2026-01-27,South Coreychester,Mayor Cruz,Third Quarter,inactive
TRI-1385,Alexandra Ford MD,"1878 Taylor Orchard Apt. 095, South Daniel, MH 85395",Tricycle,"Miller, Adkins and Mays Tricycle Service",2025-07-07,2505,OR-981156,2024-07-07,Mitchellport,Mayor Cruz,First Quarter,inactive
TRI-1386,Thomas Williams,"05475 Jenny Crescent, Sanderston, VA 88799",Tricycle,Valencia Inc Tricycle Service,2025-02-08,546,OR-702631,2024-02-09,Lake Cory,Mayor Cruz,Second Quarter,inactive
TRI-1387,Edward Thompson,"5535 Wallace Pike, East Tammy, FL 04343",Tricycle,"Thompson, Alvarado and Allen Tricycle Service",2025-08-24,1002,OR-876578,2024-08-24,West Tyler,Mayor Cruz,Third Quarter,active
TRI-1388,Christina Russell,"4045 Sherry Throughway, North Logan, VT 19669",Tricycle,Howell-Patterson Tricycle Service,2025-09-28,2768,OR-448773,2024-09-28,North Ryan,Mayor Ana,Second Quarter,inactive
TRI-1389,Dennis Clark,"USS Walton, FPO AE 39302",Tricycle,"Miller, Welch and White Tricycle Service",2025-12-02,2869,OR-382214,2024-12-02,Kathrynchester,Mayor Cruz,Fourth Quarter,active
TRI-1390,Katie Turner,"029 Richard Mews Apt. 235, Jarvisberg, NM 52972",Tricycle,Ortiz-Henderson Tricycle Service,2025-09-15,1140,OR-691734,2024-09-15,South Carl,Mayor Juan,Fourth Quarter,expired
TRI-1391,Jennifer Petersen,"9694 Eric Mall, Carlsonfurt, OR 14086",Tricycle,"Cooper, Miller and Friedman Tricycle Service",2025-06-21,2999,OR-209551,2024-06-21,Geraldport,Mayor Cruz,Second Quarter,expired
TRI-1392,Marco Cantu,"93986 Taylor Green Suite 776, New Wayneberg, IN 45443",Tricycle,"Sandoval, Miller and Romero Tricycle Service",2025-06-18,1882,OR-772985,2024-06-18,Michaelshire,Mayor Cruz,First Quarter,inactive
TRI-1393,Paul Watkins,"6048 Sherri Crossing, East Kellieborough, TX 55470",Tricycle,"Mckinney, Roach and Brewer Tricycle Service",2026-12-02,830,OR-184744,2025-12-02,Fryeberg,Mayor Juan,Second Quarter,expired
TRI-1394,Robert Gordon,"Unit 3326 Box 0679, DPO AE 09777",Tricycle,Page-Richardson Tricycle Service,2025-12-30,523,OR-587875,2024-12-30,North Nancyfurt,Mayor Cruz,First Quarter,inactive
TRI-1395,Tamara Williams,"684 Philip Meadow Apt. 190, Jessicafurt, SD 85709",Tricycle,Petersen-Taylor Tricycle Service,2026-04-03,1467,OR-339665,2025-04-03,South Normanmouth,Mayor Ana,Fourth Quarter,inactive
TRI-1396,Gabrielle Berger,"7636 Smith Overpass Suite 660, Williamsmouth, HI 45888",Tricycle,Smith-Murray Tricycle Service,2026-10-04,2646,OR-435506,2025-10-04,Campbellborough,Mayor Juan,Third Quarter,expired
TRI-1397,Tiffany Vaughn,"558 Knapp Village, Virginiahaven, CA 06436",Tricycle,"Johnson, Romero and Coleman Tricycle Service",2026-09-03,1861,OR-212702,2025-09-03,West Johnville,Mayor Juan,Third Quarter,expired
TRI-1398,Kimberly Roberts,"03286 Thompson Glens, Huntton, WA 22390",Tricycle,Strong-Gonzalez Tricycle Service,2026-01-29,2626,OR-347682,2025-01-29,Connieton,Mayor Ana,Third Quarter,inactive
TRI-1399,Michael Burgess PhD,"USNV Coleman, FPO AP 16470",Tricycle,King-Davidson Tricycle Service,2025-04-12,2027,OR-95091,2024-04-12,Buchananport,Mayor Juan,Third Quarter,active
TRI-1400,Donald Sharp,"86973 Virginia Knolls, North Samanthaside, LA 87609",Tricycle,Jones Inc Tricycle Service,2025-05-21,1300,OR-353798,2024-05-21,Port Ashleystad,Mayor Juan,First Quarter,inactive
TRI-1401,Mrs. Sue Fletcher,"166 Kaitlin Extension, Jonathanhaven, MA 12000",Tricycle,Butler-Mclean Tricycle Service,2026-03-10,527,OR-32248,2025-03-10,South Taylorland,Mayor Juan,Third Quarter,expired
TRI-1402,April Johnson,"293 Shawn Causeway Apt. 186, Lake Michael, CA 87946",Tricycle,Mcconnell-Moore Tricycle Service,2025-02-28,1537,OR-16524,2024-02-29,Jessicaland,Mayor Ana,First Quarter,inactive
TRI-1403,Joseph Lewis,"5583 Green Port, Port Christianton, FL 61555",Tricycle,Brooks-Campos Tricycle Service,2026-10-03,1804,OR-127336,2025-10-03,Zunigaview,Mayor Juan,Fourth Quarter,active
TRI-1404,Marie Walker,"PSC 4498, Box 9033, APO AE 45279",Tricycle,"Burton, Nichols and Pace Tricycle Service",2026-02-27,2388,OR-616344,2025-02-27,Carolbury,Mayor Ana,First Quarter,expired
TRI-1405,Aaron Adkins,"22105 Katherine Stravenue Suite 467, Lindahaven, PW 67769",Tricycle,"Flores, Williams and Gutierrez Tricycle Service",2025-02-06,2332,OR-409396,2024-02-07,Wilkinsonfort,Mayor Cruz,Second Quarter,inactive
TRI-1406,Steven Roman,"08535 Gina Wells, Jamesmouth, RI 90833",Tricycle,"Martinez, Rangel and Johnson Tricycle Service",2026-08-15,1412,OR-574256,2025-08-15,New Alyssafurt,Mayor Juan,First Quarter,active
TRI-1407,Misty Hill,"222 Joshua Expressway, Deborahport, MN 00696",Tricycle,Jackson Group Tricycle Service,2026-07-25,2168,OR-714680,2025-07-25,Jeffreyport,Mayor Juan,Fourth Quarter,expired
TRI-1408,Laura Sanchez,"839 Foster Land Apt. 676, Port Jacobhaven, SC 95384",Tricycle,Edwards-Lutz Tricycle Service,2027-01-06,1934,OR-973901,2026-01-06,Youngtown,Mayor Cruz,Third Quarter,inactive
TRI-1409,Cameron Myers,"989 Andrew Via Apt. 855, East Kathleenton, MA 97044",Tricycle,Marquez-Mills Tricycle Service,2025-08-11,2088,OR-778373,2024-08-11,North Alexandraland,Mayor Juan,Second Quarter,inactive
TRI-1410,Nicole Simpson,"0209 Thomas Hills Apt. 603, Franciscofort, MS 24109",Tricycle,Dorsey LLC Tricycle Service,2026-04-04,1261,OR-122424,2025-04-04,Schwartzburgh,Mayor Cruz,Fourth Quarter,expired
TRI-1411,Kim Martinez,"20736 Cheryl Station, Christophermouth, GU 48191",Tricycle,Olson-Bender Tricycle Service,2026-03-24,1096,OR-971698,2025-03-24,East Kelliefurt,Mayor Ana,Fourth Quarter,active
TRI-1412,Gregory Daniel,"8716 Tanner Valleys Suite 041, Carlbury, NV 14272",Tricycle,"Martinez, Cunningham and Gentry Tricycle Service",2026-12-16,1345,OR-472741,2025-12-16,Gilbertmouth,Mayor Ana,Second Quarter,active
TRI-1413,Charles Whitaker,"82506 Peters Vista Apt. 104, Sarahmouth, AL 11677",Tricycle,Crawford and Sons Tricycle Service,2025-04-01,2478,OR-615893,2024-04-01,West Christine,Mayor Cruz,Fourth Quarter,expired
TRI-1414,Lisa Williams,"944 Mccoy Ridges Apt. 212, New Cherylview, VT 74589",Tricycle,"Smith, Lambert and Perry Tricycle Service",2026-03-08,2586,OR-207118,2025-03-08,Armstrongville,Mayor Cruz,First Quarter,active
TRI-1415,Jacob Obrien,"26210 Brian Mountains, North Juan, SC 24427",Tricycle,Morris PLC Tricycle Service,2025-05-10,2348,OR-878372,2024-05-10,Sarahborough,Mayor Cruz,First Quarter,expired
TRI-1416,Samantha Brown,"257 Zhang Centers Suite 269, West Tracyside, NV 93022",Tricycle,Norris-Gutierrez Tricycle Service,2026-07-21,1108,OR-420595,2025-07-21,East Josephchester,Mayor Cruz,Fourth Quarter,inactive
TRI-1417,Jonathan Olsen,"72821 Simmons Lodge, Lake Christine, FM 96656",Tricycle,"Ray, Zamora and Young Tricycle Service",2026-04-11,1271,OR-142068,2025-04-11,Port Aprilborough,Mayor Ana,First Quarter,active
TRI-1418,Shannon Bauer,"673 Lindsay Cliff, Tarahaven, FL 38939",Tricycle,Goodman LLC Tricycle Service,2027-01-10,2998,OR-334248,2026-01-10,Thomasside,Mayor Ana,First Quarter,inactive
TRI-1419,Ms. Michelle Wilson DDS,"435 Thomas Hills, Watkinshaven, NY 16561",Tricycle,Lozano-Wong Tricycle Service,2026-07-03,2795,OR-709758,2025-07-03,South Jeffreyview,Mayor Juan,Third Quarter,inactive
TRI-1420,Keith Wilson,"669 Brandon Walks, Careyberg, VI 09694",Tricycle,"Franklin, Hill and Erickson Tricycle Service",2026-01-06,2836,OR-544444,2025-01-06,Evanshaven,Mayor Juan,Third Quarter,active
TRI-1421,Kelly Diaz,"USNV Williams, FPO AA 83280",Tricycle,Rogers-Crosby Tricycle Service,2026-12-31,2428,OR-720474,2025-12-31,Patrickburgh,Mayor Ana,Fourth Quarter,expired
TRI-1422,Jennifer Johnson,"9076 Nicole Pines, Pricebury, UT 28982",Tricycle,Johnson and Sons Tricycle Service,2025-04-06,1328,OR-419970,2024-04-06,Maldonadofort,Mayor Cruz,Fourth Quarter,expired
TRI-1423,Kimberly Lewis,"764 Rachel Land, Phamtown, OH 37092",Tricycle,"Coleman, Davis and Nicholson Tricycle Service",2026-08-23,1056,OR-220608,2025-08-23,Audreyview,Mayor Cruz,Third Quarter,inactive
TRI-1424,Karen Simmons,"7875 Robert Garden, South Lindaport, FM 97401",Tricycle,Williams PLC Tricycle Service,2025-08-20,1243,OR-812372,2024-08-20,Lake Regina,Mayor Cruz,Third Quarter,expired
TRI-1425,Brittany Barron,"20594 Erin Forks Apt. 164, Conradfort, DE 09972",Tricycle,Jones-Sullivan Tricycle Service,2026-09-10,2062,OR-748793,2025-09-10,New Ericburgh,Mayor Juan,Third Quarter,active
TRI-1426,Jennifer Wilson,"115 Paula Lights, New Christopherport, NE 82638",Tricycle,Anderson-Gonzalez Tricycle Service,2025-11-17,2799,OR-317812,2024-11-17,New James,Mayor Cruz,Fourth Quarter,active
TRI-1427,Shannon Gray,"53421 Day Flats, Lake Jenniferfort, MS 82836",Tricycle,Norris-Rodriguez Tricycle Service,2025-08-25,2670,OR-169379,2024-08-25,North Melissa,Mayor Cruz,Fourth Quarter,active
TRI-1428,Danny Baker,"54533 Duarte Highway Apt. 828, Velasqueztown, PR 52678",Tricycle,Parker-Richardson Tricycle Service,2025-03-01,642,OR-178197,2024-03-01,West Ashleyview,Mayor Ana,Fourth Quarter,active
TRI-1429,Michael Baker,"6072 Burgess Forks Apt. 060, New Savannahfort, WY 43773",Tricycle,Riddle Ltd Tricycle Service,2025-03-31,890,OR-222298,2024-03-31,Harringtonshire,Mayor Ana,Third Quarter,inactive
TRI-1430,Samuel Morgan,"61569 Richardson Forest Apt. 122, Port James, NY 11006",Tricycle,Walker PLC Tricycle Service,2025-05-01,2650,OR-169231,2024-05-01,Miguelview,Mayor Cruz,Second Quarter,inactive
TRI-1431,Sarah Myers,"341 Myers Avenue Suite 606, Millertown, VA 16670",Tricycle,"Guerrero, Cook and Mitchell Tricycle Service",2026-11-07,523,OR-730778,2025-11-07,Brendashire,Mayor Ana,Third Quarter,expired
TRI-1432,Margaret Torres,"66704 Davis Ford, Sarahbury, WA 91110",Tricycle,Vargas LLC Tricycle Service,2025-06-04,731,OR-792134,2024-06-04,Stephenberg,Mayor Cruz,First Quarter,inactive
TRI-1433,Gregory Miranda,"0042 Jorge Terrace Suite 023, Hollyshire, TX 53247",Tricycle,Herrera-Edwards Tricycle Service,2026-11-15,2553,OR-937252,2025-11-15,Howardmouth,Mayor Cruz,Second Quarter,inactive
TRI-1434,Brian Ford,"53116 Steven Prairie, New Christopher, ME 05115",Tricycle,Peterson PLC Tricycle Service,2026-06-14,848,OR-396903,2025-06-14,Gayborough,Mayor Cruz,Second Quarter,inactive
TRI-1435,Miranda Howard,"4559 James Valleys, Paceshire, ME 08444",Tricycle,Johnson and Sons Tricycle Service,2026-05-11,1404,OR-752846,2025-05-11,Bauerside,Mayor Juan,Fourth Quarter,active
TRI-1436,Joseph Jensen,"26300 Dennis Villages Suite 524, Lake John, IN 18091",Tricycle,Manning-Hernandez Tricycle Service,2026-01-27,1405,OR-653858,2025-01-27,Clarkside,Mayor Juan,Second Quarter,expired
TRI-1437,Lauren Henderson,"55215 Jones Shore Suite 757, Kellyport, LA 74954",Tricycle,Watson PLC Tricycle Service,2026-05-24,2139,OR-100377,2025-05-24,Hessbury,Mayor Ana,Fourth Quarter,active
TRI-1438,Amber Burke,"899 Timothy Estates Suite 322, East Darlenefort, MT 27487",Tricycle,Becker Inc Tricycle Service,2025-04-11,2776,OR-493011,2024-04-11,New Margarettown,Mayor Ana,Third Quarter,expired
TRI-1439,Robert Russo,"505 Melissa Landing Suite 832, Port Karen, PA 24148",Tricycle,Mathis LLC Tricycle Service,2025-07-01,1065,OR-283529,2024-07-01,Martinezbury,Mayor Cruz,Third Quarter,active
TRI-1440,Christopher Schwartz,"8198 Paul Ranch Apt. 103, Davisburgh, MA 51756",Tricycle,"Li, Molina and Butler Tricycle Service",2025-11-30,2829,OR-638481,2024-11-30,Lake Lacey,Mayor Ana,First Quarter,inactive
TRI-1441,Jill Reynolds,"7802 Mathis Circle, Whiteville, MH 72802",Tricycle,Taylor Inc Tricycle Service,2026-05-11,2816,OR-914499,2025-05-11,Diazport,Mayor Ana,Fourth Quarter,inactive
TRI-1442,Joseph Rios DDS,"48508 Bonnie Trafficway Suite 449, Arnoldville, WY 90017",Tricycle,Murray PLC Tricycle Service,2025-10-29,738,OR-141773,2024-10-29,Phillipsborough,Mayor Ana,Fourth Quarter,expired
TRI-1443,Joel Buchanan,"47019 Christine Corner, East Timothyville, PR 95265",Tricycle,Lopez PLC Tricycle Service,2026-02-13,1860,OR-726811,2025-02-13,Myersfort,Mayor Ana,Fourth Quarter,expired
TRI-1444,Christine Mack,"5940 Gould Lane, Butlerton, MT 55393",Tricycle,"Reyes, Hill and Stephens Tricycle Service",2025-05-31,2620,OR-452700,2024-05-31,New Collinland,Mayor Ana,First Quarter,inactive
TRI-1445,Julie Adams,"239 Walker Common Apt. 597, Ericborough, PA 54312",Tricycle,Stephenson Group Tricycle Service,2025-10-18,517,OR-802790,2024-10-18,Jasonfort,Mayor Ana,Fourth Quarter,expired
TRI-1446,Angel Solomon,"7185 Christina Drive Suite 982, Angelaborough, PA 74718",Tricycle,"Martin, Gibbs and Hart Tricycle Service",2025-10-09,2745,OR-802097,2024-10-09,Christinaview,Mayor Cruz,Third Quarter,inactive
TRI-1447,Amanda Thompson,"6397 Carroll Inlet Suite 250, Heathermouth, PW 74684",Tricycle,Carroll-Simpson Tricycle Service,2025-11-09,1724,OR-782147,2024-11-09,South Christian,Mayor Cruz,Second Quarter,inactive
TRI-1448,Sarah Mullen,"8098 Daisy Villages, Underwoodland, OH 51243",Tricycle,Morales-Barrett Tricycle Service,2026-11-04,907,OR-811571,2025-11-04,Michelleport,Mayor Ana,Fourth Quarter,inactive
TRI-1449,John Schwartz,"USS Taylor, FPO AE 03527",Tricycle,Robinson Ltd Tricycle Service,2025-06-15,2654,OR-468569,2024-06-15,North Juliaview,Mayor Ana,First Quarter,inactive
TRI-1450,Linda Berry,"5827 Ronald Flats, Lake Ian, NV 97773",Tricycle,"Patel, Jackson and Hanson Tricycle Service",2026-10-15,2352,OR-759049,2025-10-15,Erikachester,Mayor Cruz,Fourth Quarter,inactive
TRI-1451,Amanda Madden,"011 Fisher Overpass, West Daniel, VT 08890",Tricycle,Orr Ltd Tricycle Service,2025-04-19,2571,OR-246264,2024-04-19,Lake Jeremy,Mayor Juan,Second Quarter,expired
TRI-1452,Karen Cherry,"3636 Richard Islands, Schmidthaven, KY 92661",Tricycle,"Walker, Bryant and Whitehead Tricycle Service",2026-09-09,2187,OR-14532,2025-09-09,Wrightton,Mayor Ana,Fourth Quarter,active
TRI-1453,Shawn Bates,"53042 Michael Lodge, Lake Brian, WV 01259",Tricycle,Weiss-Lara Tricycle Service,2027-01-22,554,OR-806607,2026-01-22,West Brian,Mayor Cruz,Second Quarter,expired
TRI-1454,Steven Sanders,"6615 Melanie Union, Philipfort, IA 21669",Tricycle,Valentine-Williams Tricycle Service,2025-12-22,1645,OR-574005,2024-12-22,West Karl,Mayor Cruz,Third Quarter,active
TRI-1455,Heather Hooper,"20263 Gary Gateway, Jonesberg, WV 57772",Tricycle,Morgan-Williamson Tricycle Service,2025-05-02,2027,OR-38239,2024-05-02,Beverlyfurt,Mayor Ana,Third Quarter,expired
TRI-1456,Anthony Davis,"043 Alexander Ports, East Travisstad, AK 27210",Tricycle,Robertson-Thomas Tricycle Service,2026-02-11,2594,OR-234194,2025-02-11,Stevenhaven,Mayor Cruz,Third Quarter,expired
TRI-1457,John George,"2999 Cindy Place Apt. 683, Port Alexandrahaven, RI 29591",Tricycle,Moran Ltd Tricycle Service,2025-09-02,2125,OR-943698,2024-09-02,Brownshire,Mayor Juan,Third Quarter,expired
TRI-1458,Robert Norton,"PSC 1003, Box 6032, APO AP 27566",Tricycle,Haas LLC Tricycle Service,2025-04-09,797,OR-346915,2024-04-09,Karenchester,Mayor Cruz,Fourth Quarter,expired
TRI-1459,Olivia Smith,"5125 Adams Stream Apt. 661, Edwardschester, OH 12688",Tricycle,Jensen-Flynn Tricycle Service,2026-06-09,1297,OR-19744,2025-06-09,Parkerborough,Mayor Cruz,Fourth Quarter,inactive
TRI-1460,Valerie Park,"Unit 0716 Box 4826, DPO AP 28532",Tricycle,Barry Inc Tricycle Service,2026-06-30,525,OR-622233,2025-06-30,New Cheyenne,Mayor Juan,Second Quarter,expired
TRI-1461,Brooke Liu,"PSC 2680, Box 5107, APO AE 23241",Tricycle,Smith-Bailey Tricycle Service,2026-06-20,1455,OR-21352,2025-06-20,West Edwardborough,Mayor Juan,Fourth Quarter,active
TRI-1462,Joseph Mcguire,"8821 Sutton Mission, West Daniel, DC 61068",Tricycle,Patel-Rodriguez Tricycle Service,2025-09-18,2921,OR-876919,2024-09-18,East Donnabury,Mayor Ana,Fourth Quarter,inactive
TRI-1463,Robert Taylor,"3003 Brett Stravenue, South Stacey, HI 68800",Tricycle,Payne LLC Tricycle Service,2025-12-19,2697,OR-298307,2024-12-19,West Bethside,Mayor Ana,First Quarter,active
TRI-1464,Thomas Phillips,"7261 Amanda Mission, East Calvinstad, MA 28004",Tricycle,Barber and Sons Tricycle Service,2027-01-06,2231,OR-797840,2026-01-06,Blairmouth,Mayor Ana,Second Quarter,inactive
TRI-1465,Frederick Cummings,"23307 Alicia Park Apt. 419, Port Erica, OH 32536",Tricycle,Little PLC Tricycle Service,2026-01-04,808,OR-223636,2025-01-04,Allenside,Mayor Ana,Third Quarter,inactive
TRI-1466,Andrea Nicholson,"30337 Norman Extension Apt. 080, New Lauraton, MO 81327",Tricycle,Silva Ltd Tricycle Service,2025-04-14,2711,OR-555491,2024-04-14,Grossfurt,Mayor Cruz,Fourth Quarter,inactive
TRI-1467,Jason Jackson,"436 Tyler Island Suite 994, Lake Martin, DE 55768",Tricycle,"Williams, Wang and Mcmahon Tricycle Service",2026-02-09,1328,OR-260877,2025-02-09,Lake Steven,Mayor Cruz,Third Quarter,inactive
TRI-1468,Kathryn Rosario,"85726 Alicia Spur, Scottburgh, CO 07183",Tricycle,James Ltd Tricycle Service,2026-06-29,2847,OR-845986,2025-06-29,Perezburgh,Mayor Juan,Third Quarter,expired
TRI-1469,Maxwell Burns,"940 Patricia Crossing, Markmouth, CA 74181",Tricycle,"Ross, Thompson and Morgan Tricycle Service",2026-09-05,1171,OR-165522,2025-09-05,Christopherville,Mayor Ana,Fourth Quarter,expired
TRI-1470,Angie Villa,"62215 Eric Cape Apt. 020, South Justin, RI 04121",Tricycle,"Sanchez, Dorsey and James Tricycle Service",2026-04-20,2303,OR-204929,2025-04-20,North Andrewstad,Mayor Cruz,Second Quarter,inactive
TRI-1471,John Rangel,"3031 Curtis Turnpike, Jennifermouth, AZ 55044",Tricycle,Leonard Inc Tricycle Service,2026-01-16,554,OR-64659,2025-01-16,Elizabethshire,Mayor Cruz,Fourth Quarter,inactive
TRI-1472,Robert Powers,"55983 Chad Route, East Carolland, RI 04095",Tricycle,Sanders-Johnson Tricycle Service,2025-08-31,1442,OR-797648,2024-08-31,Grahamshire,Mayor Cruz,Second Quarter,expired
TRI-1473,Jason Pope,"691 Thompson Dale Apt. 273, South Sabrinafort, LA 37991",Tricycle,Taylor and Sons Tricycle Service,2025-08-27,682,OR-883531,2024-08-27,Mcdanielside,Mayor Cruz,Second Quarter,inactive
TRI-1474,Anthony Davenport,"073 Ann Cliffs Suite 735, Alexishaven, MI 93138",Tricycle,Green LLC Tricycle Service,2025-05-14,1434,OR-168995,2024-05-14,Stephaniebury,Mayor Ana,First Quarter,expired
TRI-1475,Rhonda Barnes,"2893 Carr Fall, Sanchezhaven, AR 59164",Tricycle,"Robertson, Aguilar and Chase Tricycle Service",2026-07-09,855,OR-748538,2025-07-09,South Jessica,Mayor Juan,Fourth Quarter,inactive
TRI-1476,Adam Michael,"39312 Rachel Knolls, New Natalie, HI 31581",Tricycle,Porter Ltd Tricycle Service,2025-07-15,2804,OR-39162,2024-07-15,Bethtown,Mayor Juan,Third Quarter,expired
TRI-1477,Kevin Preston,"PSC 5493, Box 5374, APO AE 27786",Tricycle,Wood-Mckay Tricycle Service,2026-01-09,2764,OR-400122,2025-01-09,Christophermouth,Mayor Juan,Fourth Quarter,active
TRI-1478,Brandi Parker,"56159 Carlos Pike Apt. 797, West Diana, MD 29731",Tricycle,Jenkins-Turner Tricycle Service,2027-01-24,1693,OR-615864,2026-01-24,West Tylerfort,Mayor Ana,Fourth Quarter,inactive
TRI-1479,Ryan Martinez,"772 Laura Ports, East Matthewberg, MA 19643",Tricycle,Patel-Day Tricycle Service,2026-11-14,2393,OR-486340,2025-11-14,South Erika,Mayor Cruz,Fourth Quarter,expired
TRI-1480,George Davis,"0795 Mariah Park, Port Rebeccaton, ND 54069",Tricycle,Martinez-Holmes Tricycle Service,2026-08-03,854,OR-365021,2025-08-03,Hollandview,Mayor Juan,Third Quarter,active
TRI-1481,Derrick Pittman,"353 Nancy Wells, Hillside, AK 38714",Tricycle,Gill-Rodriguez Tricycle Service,2025-10-22,2489,OR-419340,2024-10-22,New Allison,Mayor Ana,First Quarter,expired
TRI-1482,Michelle Burke,"4880 Nathan Shoal Apt. 861, Kristenshire, DC 27130",Tricycle,Martinez Ltd Tricycle Service,2026-12-12,2473,OR-447285,2025-12-12,South William,Mayor Cruz,Third Quarter,expired
TRI-1483,Robert Marquez,"39085 Tonya Cliff Apt. 682, Hayleytown, GA 73338",Tricycle,Henderson and Sons Tricycle Service,2026-04-06,1667,OR-101652,2025-04-06,Clarkhaven,Mayor Juan,First Quarter,active
TRI-1484,Laura Hall,"USNV Morales, FPO AE 94500",Tricycle,"Campbell, Wilson and Burgess Tricycle Service",2026-01-14,2550,OR-976449,2025-01-14,East Kristina,Mayor Juan,Third Quarter,expired
TRI-1485,Sarah Thompson,"470 Singleton Glen Suite 292, Port Nicoleside, AS 26586",Tricycle,Foster-Miller Tricycle Service,2026-12-15,1849,OR-399630,2025-12-15,Emilyberg,Mayor Cruz,Second Quarter,inactive
TRI-1486,Kenneth Payne,"007 Brown Vista Suite 768, Port Jose, NE 91555",Tricycle,Green-Williamson Tricycle Service,2025-02-15,2872,OR-632215,2024-02-16,Doyleshire,Mayor Cruz,First Quarter,expired
TRI-1487,Mark Grant,"08491 Dorothy Heights, West John, AK 88122",Tricycle,"Quinn, Pearson and Lawrence Tricycle Service",2026-07-19,1489,OR-224324,2025-07-19,Port Allen,Mayor Juan,First Quarter,active
TRI-1488,Dr. Aaron Aguilar,"Unit 7184 Box 6071, DPO AA 33523",Tricycle,Wheeler Group Tricycle Service,2026-12-15,2263,OR-82194,2025-12-15,Jamesmouth,Mayor Ana,Second Quarter,expired
TRI-1489,Joseph Webb,"9406 Thomas Spur, Francostad, WI 27236",Tricycle,Hudson-Glover Tricycle Service,2026-05-22,2930,OR-717276,2025-05-22,Jacobchester,Mayor Ana,First Quarter,inactive
TRI-1490,Mrs. Sandra Meyers MD,"0056 Hannah Roads Suite 919, Port Eric, VI 03577",Tricycle,"Lawson, Joseph and Taylor Tricycle Service",2025-02-17,2106,OR-91553,2024-02-18,South Lynn,Mayor Ana,Third Quarter,expired
TRI-1491,Todd Smith,"09379 Price Valley, Ayalachester, GA 26881",Tricycle,Dunlap-Wheeler Tricycle Service,2026-03-23,1537,OR-61072,2025-03-23,Port Hunterside,Mayor Juan,Second Quarter,active
TRI-1492,Andrea Smith,"8283 Anthony Cliffs Suite 233, Ericview, UT 68874",Tricycle,Myers-Crawford Tricycle Service,2026-05-26,753,OR-531788,2025-05-26,New Robert,Mayor Juan,First Quarter,inactive
TRI-1493,Amber Ramsey,"1829 Klein Pike Suite 113, South Joshuaburgh, LA 27614",Tricycle,Proctor-Ford Tricycle Service,2026-01-14,714,OR-303641,2025-01-14,Sandrabury,Mayor Cruz,Fourth Quarter,inactive
TRI-1494,Marie Brown,"2106 Patrick Crest, New Deborahchester, MN 85545",Tricycle,Perez PLC Tricycle Service,2025-07-30,2732,OR-561053,2024-07-30,Kellyfort,Mayor Cruz,Third Quarter,expired
TRI-1495,Diana Jones,"21315 Gregory Crossroad, Barryview, SC 08485",Tricycle,Lynch Ltd Tricycle Service,2026-10-22,1053,OR-466158,2025-10-22,Lake Bradleyfurt,Mayor Juan,First Quarter,inactive
TRI-1496,Kerry Smith,"964 Vance Crossroad, East Brittanybury, WA 34879",Tricycle,Maldonado-Wells Tricycle Service,2026-05-28,2903,OR-102031,2025-05-28,Jonesberg,Mayor Cruz,First Quarter,expired
TRI-1497,Brian Stone,"Unit 7831 Box 1137, DPO AP 18085",Tricycle,Alexander Ltd Tricycle Service,2025-03-27,2591,OR-361471,2024-03-27,New Jerry,Mayor Ana,Second Quarter,active
TRI-1498,Jamie Ford DDS,"935 Estes Pines, Jessicachester, LA 71626",Tricycle,Reese-Scott Tricycle Service,2025-06-04,2441,OR-149544,2024-06-04,Ramirezbury,Mayor Ana,First Quarter,inactive
TRI-1499,Kaylee Gregory,"05297 Brady Gateway, Conwaybury, ME 23393",Tricycle,"Silva, Garrett and Reese Tricycle Service",2026-03-10,2046,OR-440550,2025-03-10,Franciscoshire,Mayor Cruz,Fourth Quarter,expired
